customerID,first_name,middle_initial,last_name,addressID,age,password,phoneID
1,Bradan,X,Bearn,2,52,af41bf7406f95daa2c4b276dc9b8a98367efbbb5,2
2,Glennis,G,Darkott,4,56,6a21fa55e53d86d6f6295176f0cdb2522da53896,4
3,Otto,U,Fernao,6,51,7d0f0d2b551e170fe22df6612faeafeae7004f87,6
4,Noel,T,Faber,8,56,d83f1eea1d0b5d5be4bb77fd71b76d9e6a1d8833,8
5,Herold,,Mannering,10,54,d68aba9633fcf401178c16f0e4ddc7d07c02458e,10
6,Nadia,L,Matyugin,12,28,8bd2e52692e2a129a6ebc8c5b94d4ae6c33b5bf0,12
7,Langsdon,,Picknett,14,57,679b672d7bef665b36b9b700000f25bbc7367aac,14
8,Hadleigh,T,Vear,16,18,fa618d828bd1466aa24cd92c4338d1439703e5d2,16
9,Rinaldo,J,,18,57,74b9ccf14583ff57955befaf5c1c798dc054b7c4,18
10,Spenser,P,McCool,20,32,5e290b24d7d8ef8a435aa7dfd2aa02bc4ddd8b90,20
11,Willy,N,McBlain,22,41,f4d42d94a18deac21061a259bca413b51f6c231a,22
12,Stanislaw,J,Fishley,24,56,507428584543373584608cd10b12abb5b0ef5942,24
13,Coop,U,Blazey,26,47,d4b08ba1b260f840a9782a470aeca3c665bd53e7,26
14,Lamar,Q,Powis,28,37,e2ce9e1e042528ea7ea9287e89a66835dbf54a85,28
15,Glynda,U,Chipps,30,49,976c83bec5cf455e7d0c3d49173e79fed41dc4bd,30
16,Ainslie,Z,Daenen,32,44,d824d626dd1e8d3957ef9eb9726615a9494393e4,32
17,Ava,V,Cabel,34,40,2d3ef60b188c309f60a63f4eb303c84a5d9c95e1,34
18,Jase,Z,Cousens,36,35,ff06c35b093ca8fc8342f501e3a5164c5cc71434,36
19,Nerissa,S,Collingwood,38,46,03966b130b9cab2569e34a686d41a01c9bca2da0,38
20,Pen,,Waith,40,48,fd671f4985a775e5b073796fe30044bc773d9cb3,40
21,Caresa,K,Lehrmann,42,43,847c86eb84203181ad365f25427c8404430b48b3,42
22,Dallas,B,Sandham,44,35,200aeab1dc86b80f4ebb9d02fac6d5ec27a8b746,44
23,Araldo,O,Pendrigh,46,35,74ba66c78ec2db631120c8dac1b5edaa099b1bd6,46
24,Nara,,Melsome,48,29,ef9c758baad1a5dc37d69869d62b9edeb5270f2e,48
25,Laird,R,Snaddin,50,27,9f467554780e26c68ac293d7fae1e2a403be65fd,50
26,Cesar,,Cottingham,52,56,b07fdb6898e5d9cbbea09d46b7177d9274b17a06,52
27,Aharon,,Letertre,54,53,4df8016e56e90f7395c3cd3f2910785d417edff0,54
28,Chad,,Hamly,56,60,979be24610f415450f9cfa60454292afa8a9a9b1,56
29,Odessa,Z,Lefley,58,60,b25aa08d8a15654c1fff45be801b01b9071f4912,58
30,Duff,S,Kilcoyne,60,56,c8ab7aa75ba629153219518bb11aa44c68ace314,60
31,Miltie,,Graben,62,49,69b1ce14f2df3980de038bd5c92aeac3fc17d7df,62
32,Josh,T,Stoll,64,18,32aa3268a25e076c8766d870e2225bf00de0d94f,64
33,Jarvis,J,Lerwill,66,53,ff10096e46fb6e49535d2ab8d1c9aa3d3374c7b5,66
34,Nicolette,Y,Kohlert,68,50,a303a96ca37b26f36c3c84b32a57664298a6a066,68
35,Virgina,,Brose,70,56,48710f801b4cd88bd43158d8e65a03227f724514,70
36,Nonah,X,Duce,72,55,242da4dacce4862fa755e191d146e8c9dc130681,72
37,Dorise,Y,Sheddan,74,46,625cb89c969f4e872ded0d617ec50ff3f87e54b1,74
38,Shalne,,Bartosch,76,48,15e31fea6ef984e2c605e5440e8cb5d3a1dfa450,76
39,Solomon,I,Hattoe,78,27,57aec6eececb2acbb13296e8c1b4312bf7a4037d,78
40,Hyman,Z,Lemery,80,55,53467b09895f3c75e6fc888bbc9e0cd7b1297aee,80
41,Carolynn,E,Tettley,82,38,fb93d56038d266107ded9132338df2e4ffcd5848,82
42,Zechariah,J,Moncey,84,41,f829fae187296df8cee3d0eb8750aec4230e3948,84
43,Barnaby,G,Bourchier,86,47,1eae31ecba0193e3189e8c8bfdb9c9808779c9ea,86
44,Dina,X,,88,43,4528a67f648a9e8c85d9ba92b5893b65cbbaf8d4,88
45,Annamarie,,Leney,90,23,cd384954357cc249d40146fd75a5d338326c0441,90
46,Calli,C,Warwick,92,45,40fdb2b35753c3b0d2d0b68a9288c0355886d11c,92
47,Tonye,N,Rainbow,94,55,abbddb7aa97aaba237dfd73946faeb947ce56076,94
48,Krista,V,Watterson,96,42,c9c1a74316fa78aca11688c3d66baa6fdf292aa9,96
49,Margaux,G,Juschke,98,29,91ea01da5279f884f72907a748d1e349ea584bed,98
50,Siward,V,Chartre,100,43,d37b8868a1df99b6c5b7796fe6472a72080f77c2,100
51,Kara,D,Whitington,102,50,f7ffa3dc2f30325d9d05db277f4b6e49821639a3,102
52,Batholomew,,Orrocks,104,30,1eb6812c71772622c42423fb13dc0c2fa2af44ad,104
53,Derrick,,Sieve,106,51,e46b9f4f6fa3bcc1a10e82a088ee283b139a8411,106
54,Ferris,,Curragh,108,41,2224cac5c9cf30e8a32f03d67314cc59122f9ed0,108
55,Reeta,,Hatcher,110,22,8ba083e918ff7cf5e64e171c1f9cdf0c6aed29d3,110
56,Madella,R,Vannah,112,41,b1f1da0c4e88f434494eb906f19fae7bdef0ce51,112
57,Guillemette,C,Braisher,114,58,db4446ce9564204c3496b2727a1e4af32908078a,114
58,Chrotoem,Q,Cruikshank,116,34,e7d171a820935e88335a52d758dfbcba6da06a89,116
59,Aurel,G,Andrieu,118,41,79166ceeb924dfacec1d3eeabe4a0b74464dd09c,118
60,Xenos,X,Tripett,120,40,4b323f62210cdb0c893ed71a55d6d8309e506ce2,120
61,Kerr,,Jodrellec,122,23,4d423c4213cd66cf96cddd7fbeece95c3ddf65df,122
62,Casar,E,Dowley,124,54,dd767d8718148b6bd05e896d604b9b23b4b863c6,124
63,Jo,Z,Flaune,126,49,05b2b4f21bb6e61b5a912807a9755db0d89b08db,126
64,Lock,,Zanioletti,128,44,771f92246826c24e26aef5f780bc6df300a1ef61,128
65,Sylvan,R,Orring,130,19,ba0bd99db600d862c6ad25556a6e1cb618408b0d,130
66,Judas,A,Sugars,132,19,18b3f3131c41d665f8310dcce73e155f42ce0cc7,132
67,Gloriana,W,MacAvaddy,134,44,8ba7fde7879b3baec13fc7d9cbbd848ab0599388,134
68,Kristan,K,Fountain,136,57,db0ec7849667050413c1502eeb5f4592b884ff64,136
69,Evered,C,Etchingham,138,24,9a136afa522e2aac65565bd5a26de001d1ddaeb2,138
70,Catlaina,C,Kirkby,140,54,052782187e20201956fdd7082b410f5df5886f61,140
71,Kaitlyn,S,Walak,142,57,4f49bd768d450a5c075db0c15b79ba213d5a3839,142
72,Adda,X,Foxcroft,144,54,f4a329fc1fdd8f024f700dbc9d1f82398c5736a6,144
73,Loralyn,G,,146,49,4772acdd051a77fe48ad14ae3c8a663fd344b3a8,146
74,Cordie,W,Poacher,148,18,3daddc0fccabb0934c1f033770c974120be5d622,148
75,Julianne,F,Bernardoux,150,21,1b880caece5dd790a2653a7f94099ccac39fb2f2,150
76,Stefano,I,Rubertelli,152,39,9f9e653e75103982ee5dabdde5dadaf96c2a9e0a,152
77,Kirbie,Z,Batho,154,32,a7a0dccfb28a8bd2092e3f9bf4add57c26e8d3bc,154
78,Rudy,P,Fairfoul,156,23,b180b82cf074b7b4dfd0110eec01034497b58771,156
79,Nickola,R,Lockery,158,34,368c397da994eee1883d856a9dade8280035b163,158
80,Darcy,H,Marsay,160,18,5f61e335ce565f100161b9623b2454976a93183e,160
81,Kathrine,P,Archley,162,38,2218c66b80db098e0268398d1e9e30498b293814,162
82,Asia,,Durden,164,50,6fcbad2dca38aeeecb4438fce1efb0cc226d6e7d,164
83,Nevins,L,Gremane,166,35,a82d424e8843fce99ac484e261fcfb9b139c10db,166
84,Gaven,D,Kemm,168,25,dfe13b2e15eb097909859d8d052f5555d24c5ae8,168
85,Sharyl,T,Huddleston,170,47,304aa6597d3c4ebf2090a2f6e233cb26074bd216,170
86,Charo,I,Shayler,172,40,e18277962b4ad4f57b9aa9601a639deeb711fcba,172
87,Torey,O,Wildsmith,174,44,48c03197dc4fe211709569dbb2a2f972918ac547,174
88,Blinnie,U,,176,49,fccd11f9f85313a5e0f7711a6b4a8af3f869ea65,176
89,Aura,I,Thursby,178,40,19e263ffb9ed519472a4ab0c16019c091b20e351,178
90,Reg,B,Rochford,180,23,9ea576f9a2e924ac804131d6198131a0ba0d4bc5,180
91,Gerta,X,Thomtson,182,35,a66cc0a837bea18c7718ad5260df392bab427c20,182
92,Jennine,T,Kiendl,184,53,6954ff5bafd21200b80c089518f259d419c81801,184
93,Allen,Y,Middlemist,186,32,8f90113804fa679c69e9c1f5168423c8b794f10c,186
94,Kimmie,F,Kobierra,188,38,bc6d17b7c3925d558911356ee568a1bf85ef0cfc,188
95,Esteban,Q,Fyall,190,49,e6cd0c8aa28c85fc09ab4901aef4a0dab77e6383,190
96,Edwin,,MacMenamy,192,43,c63f8933598a91d1e4e56c6ccfc66902e3757a96,192
97,Lind,T,Etches,194,34,e51e75c0396aff72f3d3cc9eca742b4f949e904a,194
98,Arther,X,Gorry,196,52,a08f831e43fd865fcdaf91b2a70a4b0595e6fb51,196
99,Kalie,F,O' Mara,198,34,0f34b058ac37187ca9eecbb544c63c4d61243c61,198
100,Chev,U,Farreil,200,59,fdbbb43d2670577905ec141572ec870581cb881c,200
101,Jordan,,Goldstein,202,26,0bf76ff573857b33d3879dac1001321213a78eba,202
102,Mathew,L,Hansie,204,46,3587dc5fd01b815ff0f1d47233c9e142ac87ad45,204
103,Roberta,E,Ducker,206,32,27aa2844e475b4af9a41fecccdcf73963287aa28,206
104,Bald,G,Tungate,208,47,59824df902e04ba9dbf2c82cbbbcc092b9707cd9,208
105,Taylor,Z,Farrance,210,41,387219aa54a8c342ce07d0f9e5ffd8a271d3ed24,210
106,Alica,,Dullard,212,19,e9aedc83318388e3c10a6c3ae55207e3e8d39a9b,212
107,Wendy,Y,Bonas,214,33,5628161b77704299ea40155c67aacb8d406fec01,214
108,Georgeanna,,Bestiman,216,41,153cff12211b0941b3b7b23bbb072860fb5e824f,216
109,Yvor,L,Olliff,218,60,f6bdff36ba4382828b7d64a836c1f79335b8529c,218
110,Aurthur,N,,220,31,e6974423b79c8a4eaffaaf129d8d69098b3ac5e9,220
111,Hewie,,Crampin,222,60,b6f51c96aeee300fe388e4b9b503421d7c0e34d8,222
112,Griz,,Molson,224,21,7bb3e718b13fdc4d99d616139126526598d61615,224
113,Phaidra,F,Barde,226,21,74c02d7bcbfb793e9179b25ea24e2e607c942bcb,226
114,Molli,F,Enrietto,228,25,34806c03db49ad9b3f989f36d73eb388357d3ede,228
115,Lory,P,Macartney,230,27,0b57cf4677740b72da8d28aea379051d7d506140,230
116,Corrine,F,Yurygyn,232,57,ae4d2da3da03a0cf4a0a4cadc86527c98405bd9d,232
117,Abrahan,J,Shuttell,234,41,e9de217f5cb7ae4bdaeb62457e456f582f66babe,234
118,Georgy,F,Tomsa,236,24,20182ebeda929dc8f02774daa8eb68975416ea11,236
119,Karim,T,Sebrens,238,50,904d03a64ce2906291f10ab78b6d3e03f8402f65,238
120,Orion,E,,240,38,c948d5945e91b1ba2c3d92d0b9bb03b47de4f11f,240
121,Gael,,Shortland,242,35,76816c87002323d45d6c4416862638560434e44d,242
122,Barnard,,Chittem,244,42,da39aba069e55e2045f0d1480e8fd76f4150369e,244
123,Flore,J,Tumbelty,246,20,2ee2cb18fcc679a78ac342ae101b21d67cb311db,246
124,Waverly,D,Jorge,248,50,6ad794a9ae022a0901e0dc9b12e1b0ddb8819288,248
125,Johnnie,,Picken,250,28,574b234f495db295d628fb2fb2e5396f07656b10,250
126,Redford,,Chazelle,252,36,22db3f0017fa5477613f7e168c82c15b97920ee7,252
127,Allan,J,Kobpa,254,18,655bc5f1423a14b65a3a18c0fcd64b6b373de912,254
128,Gael,,,256,45,a47879f9ac63b22f39ca05735c82876f8ddcc35b,256
129,Morris,Z,Blackborn,258,56,1aac4278b2232390bca22bc094da027a27df2faf,258
130,Lucien,N,Lauxmann,260,46,e0bbaf42e03133752e652ac805b22ebd73f862e8,260
131,Karena,E,Tewnion,262,30,884303c392baf5a50aa68aaa92263d3b7856d567,262
132,Harri,G,Boards,264,46,3abc33826fbda869ba6d9e09648164a4de844b83,264
133,Uriel,V,Wais,266,27,5030d6084c4f8c3a6a411ac87b5fef500eada94d,266
134,Ainsley,H,Yanin,268,23,4c37c6fb9b5410850efdc9ff2e429529463e1b6f,268
135,Yolane,,Windless,270,25,8696c78b4244ccbd40aa532e2af72e33cc9ef51b,270
136,Jordon,U,Russi,272,26,b6362dc84874634903897bd2b30a50556e11930f,272
137,Teri,,Heale,274,29,dd9e2f1c01f1e8830dc46563a7f2281501bd2dc7,274
138,Cristy,K,Thirlwall,276,34,765e09a4d6635a466d5ea121572d88306643c9f8,276
139,Allan,L,Sedgemond,278,38,c0a520caf32082e8887fdfbd9a8e0156656da548,278
140,Grannie,,Annetts,280,53,141b60733f239d1c8c4f339b9ad6e4d0b6461b30,280
141,Jamil,D,Borleace,282,48,57fb9802d84b4db5a3019b1ebec31b0fe2dd0782,282
142,Barris,E,,284,51,3221bca78cf67635c9e66e521dec7b005e7b85cf,284
143,Skipper,K,Studdert,286,53,1aa1c3b238f5eb1fee2122a366a3a3bd992d1039,286
144,Lorraine,V,Ellwood,288,22,3c8caec2fffe31a835d14ae9ea6e69c35121a7a3,288
145,Irita,,,290,35,09984e8e9d2bcf6b2749b0a3dc07b4d0c4bbb4ac,290
146,Palm,C,Joost,292,38,55ce25e2fef7f616d4ad73a0393259ba008a778c,292
147,Lem,S,Danihelka,294,57,3d036679b503516039d448eb80d8571a32496fd2,294
148,Lola,,Vlies,296,57,b1290ee1067a2f41be4ff5fcbaf7bab0ed80ac42,296
149,Langston,,Sanzio,298,43,4785fb6a6857cf15086f0246166df45adbf65dd2,298
150,Donica,G,Schmidt,300,33,a1349bbc624a6af95a6cdada065902be578d0c13,300
151,Nicoli,A,Pendlebury,302,41,8f593ac78eab2dacc35f9c224f513357c2831270,302
152,Antonio,S,Orhtmann,304,59,c554a1c1d4543f209b2c8120dc4ded428f325324,304
153,Fanechka,,Ramelot,306,51,7299e6f48c5822467c04e65a0c33af03ba851730,306
154,Ediva,W,Bednall,308,28,2ef1ed4a701551a00330a882e8be52f622c8b1c2,308
155,Vicky,I,Claridge,310,56,dbfab5e27498a574959588dc45606da02e580779,310
156,Hale,P,,312,34,560841e6d0951c1716188bd7c0433191a8861fc3,312
157,Hendrik,,Fer,314,50,e75b04ec3545e93a5b8ebe30e236fc899025dfa5,314
158,Billie,,Alkins,316,32,a3239b8be97f94e299db458a73cd67c83468acaf,316
159,Drucill,L,Grayshan,318,19,8afaa4005d477d218bf582e127f1814496754230,318
160,Linda,Y,,320,25,fc00f346b9c08262168c296b1a5d98d149f335c7,320
161,Shawnee,Z,Blessed,322,41,3f48d36e966bea519eb8d3bf642376d0b9d18ab7,322
162,Egor,X,Shalcras,324,36,80442b8bc3395ba3e2cc933ee83f7b6671e3b82e,324
163,Rutger,,Spender,326,23,29dc1e2be3cbb00e1b4bfc3ae1358d9f683ebe4c,326
164,Fedora,J,Ciccarello,328,48,c39a5d99f647404b0b11063cf09de505cefcb198,328
165,Ruthe,D,Keysall,330,48,1665b4c9639c4021d6e90c0c6d9356b54db6c9ed,330
166,Risa,X,Patemore,332,59,558065fda6db73973888711bfd245c1552dba75e,332
167,Alie,A,Rabbage,334,60,e6934ecc8855f95dec02a19f5b72241fc2897233,334
168,Prince,T,Arent,336,43,907e31fc59a856f46f7a5607b0a83ae8e319099f,336
169,Edi,Q,,338,25,f2274d3a2112f72ad1d9eb0fe15590ac09940431,338
170,Arda,W,Staunton,340,41,6a7172b9dbe1ab2ea3b97dee1391957324b9a261,340
171,Dwayne,O,Normavill,342,24,9e27b309bd6808b2d574880e063ffbbf21404821,342
172,Cordi,Y,Geeve,344,20,98db53e3707aad4264828e89cda869cbcdb1c7af,344
173,Erma,,Sarrell,346,37,c41eff086d81b58ad3d117a0a7e31d31816a1f2b,346
174,Del,I,Ivakin,348,37,179fb69bdf8b2b86d30286400c61f0ffa2bba290,348
175,Elna,Y,Goulter,350,34,86dcd3c4f2f36c6901a051a0c44dafd39569cdbd,350
176,Donica,G,Tingey,352,18,1bcc6a4795b15a9809649ac2baa655277235905c,352
177,Abran,,Hosten,354,40,345d68517950f36a8e7f30d9190d8db29dc1c9f4,354
178,Tallie,,Cottham,356,44,8111ceff73d41ed4184639eb2889eefca787cf18,356
179,Ode,I,Chatto,358,44,7d614e11e331456627f3c28b748cb2050f3cbfe6,358
180,Erma,R,Bidnall,360,36,3fb24e91c1dd4b8cca2b039296cac2b6b1d93b07,360
181,Lulu,M,Crispe,362,38,f7214b929468165728af82be4635d554a242c1e1,362
182,Talbert,J,Emnoney,364,25,0aeada751c0c93d560b9eef27df6d183a7d67e0d,364
183,Engelbert,,,366,39,b45567a31c4dab423938343fcda6d0b56e77a80e,366
184,Allina,M,Kinker,368,39,04431cfd2c33486887ecbe6d33500964b7967aea,368
185,Carie,,Loody,370,21,df6e0eec7a654d92cff22fd78684445f0d88a6ff,370
186,Paola,,Harsent,372,52,6a8c1248008e7a952a8df01664e7f7caca4c458f,372
187,Oswald,Z,Alam,374,51,5e0cac9aa312af8905d914df9b359099d5635863,374
188,Craig,O,Lease,376,23,45ee1675982823dd1360468437057ed650cca1ff,376
189,Neysa,P,Sand,378,39,63eb720a0333a0aa374f596fa9fa349ae7318dd2,378
190,Mariejeanne,,Tender,380,45,942132d1da00fc50ec0e99a53c9fca633b14bd71,380
191,Aurel,O,Inkpen,382,38,e04019687e2053f5a35c86aa3a01bdb32716bffa,382
192,Myca,T,Bofield,384,25,5ea19b85adec0a4f689906a8e3822db40a4146b6,384
193,Veradis,,McLugaish,386,43,84d67fdca2a814726394a91a4f88bfa1e93e0791,386
194,Reynolds,X,McSpirron,388,60,672f5b8a8a18e89673350d5e97710efc86ee8241,388
195,Adoree,R,Fullard,390,60,5dbe7dc2b5c35a10704de127072e2fb489813a03,390
196,Svend,I,Robroe,392,32,d65fa6460fa43efdb6be10862a9053e5ebbbff88,392
197,Cynde,N,Rae,394,57,32dc88787fb137eb996c2340ec0e095ff321cc73,394
198,Carie,,Pallent,396,58,320e6a3c0e2411e49c7fb4b4b030cd4577c62b3b,396
199,Herbie,,Jobke,398,53,07f215961d01c9a2a9cadc18806912f83fe6b12e,398
200,Timmy,,Swanston,400,45,678d0f5610b1cdf02ffe12027c264a717e3d646c,400
