orderID,productID,quantity
1,22,5
1,95,13
1,190,16
1,195,9
1,138,19
1,139,13
1,35,17
1,191,10
1,16,14
1,152,10
2,117,16
2,46,7
2,92,10
2,60,12
2,76,17
2,115,13
2,164,10
2,105,12
2,24,17
2,187,20
3,178,9
3,147,14
3,58,20
3,125,14
3,19,13
3,169,15
3,120,5
3,26,14
3,143,14
4,115,7
4,68,13
4,3,5
4,172,5
4,100,19
4,132,6
4,169,7
5,56,18
5,103,18
6,151,5
6,129,5
6,150,11
6,4,8
6,164,8
6,3,6
6,173,17
6,11,14
7,175,18
7,28,17
7,68,5
7,87,20
8,184,18
8,163,11
8,3,6
8,50,13
8,25,11
8,22,13
8,58,18
8,67,13
9,158,6
9,96,5
9,114,12
9,5,12
10,122,19
10,173,7
10,132,5
10,94,15
10,79,5
10,163,6
10,17,11
10,110,17
10,168,13
10,27,14
11,111,10
11,184,11
12,55,9
12,91,12
12,28,6
12,134,20
12,47,13
12,3,6
12,187,17
13,134,14
13,50,6
13,4,16
13,107,8
13,172,20
13,24,12
13,131,8
13,11,19
14,46,10
14,115,16
14,76,11
14,1,5
14,156,17
14,34,12
15,165,16
15,127,16
15,179,18
15,64,11
15,74,10
15,50,9
15,115,8
15,167,14
15,161,5
16,49,5
16,160,10
16,93,15
16,4,12
17,9,20
17,5,8
17,191,19
18,199,8
18,12,13
18,103,5
18,122,12
18,82,16
18,109,10
18,134,9
18,65,14
18,23,19
19,54,18
19,2,19
19,160,14
19,69,10
19,73,20
19,121,5
19,189,10
20,73,5
20,166,14
21,31,13
21,157,7
21,60,8
21,108,12
21,75,11
22,74,12
22,110,13
22,158,13
22,138,10
23,21,11
23,155,13
23,6,11
24,185,20
24,39,19
24,62,14
24,179,7
24,49,9
24,131,12
24,76,19
24,78,16
24,173,10
25,52,18
25,77,17
25,131,19
25,17,16
25,176,5
25,37,14
25,154,6
25,181,16
25,44,8
25,145,13
26,79,14
26,97,18
26,10,17
26,190,10
27,171,19
27,188,14
27,47,10
27,41,10
27,2,16
27,150,9
27,69,7
27,182,7
28,44,10
28,168,14
28,12,18
28,179,19
29,163,16
29,108,19
29,153,16
30,194,18
30,103,5
30,109,7
30,33,13
30,25,19
30,167,6
30,85,10
30,200,17
31,84,6
31,117,7
31,113,11
31,163,20
32,14,18
32,101,10
32,70,20
33,9,6
33,79,15
33,128,11
33,116,9
34,57,19
35,18,12
35,175,16
35,35,13
35,80,20
35,178,11
35,56,18
35,98,19
35,121,12
35,189,14
36,112,17
36,146,16
36,196,11
36,70,7
36,36,12
36,79,9
36,26,7
36,89,18
36,190,6
37,12,12
37,170,11
37,132,6
38,145,15
38,67,20
38,169,16
38,15,12
38,163,12
38,170,12
38,192,7
39,34,20
39,189,16
39,54,14
39,188,17
39,45,8
39,135,17
40,22,13
40,66,13
40,165,6
40,126,19
41,62,7
41,54,6
41,25,5
41,105,17
41,167,5
41,41,5
41,84,16
41,183,14
41,6,15
41,43,10
42,11,17
42,72,20
42,42,18
42,146,15
42,54,7
42,89,17
42,183,15
42,12,7
43,33,6
43,32,5
43,54,17
43,18,19
43,5,17
43,51,20
43,10,8
43,160,20
43,93,7
43,49,8
44,188,17
44,153,16
44,31,11
44,93,8
44,49,16
44,145,16
44,156,20
45,80,9
45,69,10
45,180,10
45,52,17
45,90,5
45,140,6
45,176,12
46,97,6
46,5,19
46,188,13
46,1,7
46,103,8
46,114,20
46,72,6
46,127,12
46,142,19
47,40,9
47,160,18
47,23,12
47,34,18
47,84,14
47,66,14
48,144,11
48,32,6
49,19,9
50,148,17
50,72,11
50,79,17
50,3,11
50,105,19
50,161,11
51,96,15
51,182,7
51,117,9
51,49,17
51,154,11
51,41,9
51,187,9
51,92,13
52,21,19
53,93,15
53,148,9
53,80,8
53,73,20
54,189,10
54,60,8
54,52,15
54,6,6
54,89,16
54,36,19
54,164,5
54,133,16
55,89,15
56,89,17
56,36,8
56,83,7
56,167,17
56,155,16
56,104,8
56,38,18
56,59,11
57,159,14
57,176,7
57,150,19
57,24,15
57,85,13
58,78,19
58,190,14
58,69,11
58,149,13
58,147,13
58,186,9
58,13,11
58,144,5
59,111,19
59,3,7
59,81,17
59,103,5
59,187,18
59,173,7
59,51,13
59,166,19
59,176,7
60,73,6
60,134,14
60,188,19
61,199,9
61,43,5
61,110,16
61,164,14
61,56,16
61,52,18
61,2,20
62,199,11
62,42,8
62,165,7
62,147,17
62,173,17
62,164,13
62,34,6
62,28,5
62,35,6
62,158,14
63,192,7
63,4,17
63,31,9
63,135,15
63,181,9
63,36,18
63,56,15
64,2,5
65,50,18
65,197,16
65,58,9
65,179,12
65,46,10
65,194,8
65,186,7
65,34,20
65,191,18
66,89,12
66,152,8
66,63,10
66,23,5
67,159,16
67,179,11
67,86,20
67,39,12
67,137,5
67,183,13
68,86,20
68,93,15
68,19,20
68,111,5
69,61,11
69,197,12
69,77,5
69,58,20
69,126,6
69,19,14
69,35,19
69,140,17
69,103,6
69,43,9
70,142,15
70,71,9
70,182,14
70,188,6
70,184,16
70,199,17
70,153,13
71,133,12
71,96,5
71,137,7
71,83,15
71,44,6
71,146,15
71,67,9
71,109,18
71,199,8
71,150,10
72,89,16
72,67,18
72,183,15
72,21,14
72,126,16
72,172,13
72,167,20
72,114,19
72,64,17
73,198,19
73,34,6
73,2,14
73,26,14
73,141,15
73,43,11
73,166,11
73,159,15
73,193,14
74,160,13
74,189,17
74,124,17
74,165,10
74,13,19
74,73,6
74,180,17
74,77,10
74,141,16
74,143,20
75,100,9
75,87,6
75,188,20
75,91,19
75,85,20
75,183,14
75,114,16
75,4,11
75,38,9
76,117,12
76,168,20
76,110,14
76,61,12
76,125,12
76,48,14
76,155,7
76,57,15
76,151,8
77,157,7
77,66,7
77,159,15
77,195,11
78,59,19
78,145,11
78,41,17
78,19,14
78,98,6
78,47,9
78,170,19
78,92,11
78,37,15
78,199,16
79,68,8
79,26,18
79,98,11
79,200,8
79,158,20
79,99,20
79,83,16
79,122,8
80,181,5
80,49,14
80,83,7
80,105,10
80,180,17
80,131,16
80,109,11
80,188,9
80,194,19
81,138,14
81,134,17
81,9,6
81,72,14
81,136,8
81,19,18
81,131,9
81,197,14
81,199,8
82,181,11
83,23,16
83,158,15
83,108,11
83,104,15
83,86,17
83,125,6
83,166,6
83,49,8
83,200,9
84,90,19
84,74,10
84,78,16
84,119,15
85,12,18
85,198,6
85,173,15
85,53,14
85,164,15
85,105,18
86,187,7
86,88,9
86,155,9
87,24,16
87,84,13
87,146,6
88,37,16
88,128,19
88,90,8
89,40,17
89,31,11
89,144,17
90,181,9
90,149,18
90,88,7
90,165,18
90,116,17
90,66,10
90,50,18
90,115,19
90,65,17
90,161,6
91,1,16
91,132,11
91,188,19
92,98,15
92,32,18
92,149,8
92,198,6
92,137,12
92,131,6
92,116,13
93,46,17
93,198,18
93,25,18
94,131,10
94,30,8
94,19,6
95,174,9
95,13,17
95,95,15
95,137,15
95,53,18
95,122,15
95,180,5
95,93,16
95,127,9
95,161,18
96,116,18
96,76,11
96,39,20
96,194,19
96,117,6
96,200,11
96,108,15
97,79,14
97,111,6
97,104,17
97,15,5
97,115,12
97,193,16
97,54,7
97,49,16
97,35,19
98,21,11
98,122,14
98,152,5
98,121,12
98,54,8
98,28,10
98,131,17
99,33,9
99,182,5
99,177,16
99,70,11
99,141,19
100,158,5
100,61,10
100,143,19
100,71,6
100,48,11
101,101,7
101,124,18
101,2,20
101,155,5
101,115,8
101,149,8
102,69,16
102,89,10
102,4,20
102,149,8
102,189,10
102,83,7
102,22,15
102,186,10
103,44,11
103,2,13
104,41,15
104,128,9
104,198,12
104,120,19
104,36,16
104,13,11
104,177,17
104,183,14
105,115,5
105,136,11
105,118,7
105,131,7
106,27,19
106,176,14
106,185,7
106,177,16
106,73,7
106,188,9
106,124,9
106,29,12
106,164,18
107,103,7
107,73,17
107,57,11
107,108,16
107,136,6
107,124,7
107,51,19
107,97,5
108,133,8
108,5,17
108,119,17
109,4,19
109,159,18
109,42,9
109,124,12
109,170,18
109,50,10
110,186,10
110,122,18
110,194,10
110,71,11
110,48,12
110,90,20
110,154,14
111,63,5
111,156,8
111,1,7
111,19,7
112,69,17
113,130,15
113,20,16
113,50,6
114,124,8
114,135,6
114,59,17
115,140,5
115,159,12
115,196,17
115,194,15
115,72,14
115,200,9
115,45,14
116,184,9
116,49,5
116,113,14
116,112,15
116,24,19
116,164,16
116,3,10
116,59,12
116,60,19
117,169,11
117,1,15
117,116,9
118,94,18
118,102,17
118,125,13
118,32,5
118,44,15
118,49,16
118,142,15
118,170,15
119,119,18
119,126,15
119,120,7
119,113,13
119,104,11
119,116,9
119,67,15
119,193,19
119,181,17
120,84,20
120,138,11
120,106,9
120,200,15
121,30,18
121,177,14
121,186,8
121,64,10
121,200,11
121,180,10
121,24,17
121,169,15
122,197,16
122,78,16
122,55,10
122,143,6
122,2,9
122,142,15
122,149,5
123,68,13
123,123,19
123,118,15
123,20,16
123,152,14
123,6,18
123,104,7
124,111,20
124,35,6
124,183,12
124,89,10
124,141,10
124,113,5
124,96,14
124,15,8
124,8,13
125,117,15
125,107,16
125,116,13
125,39,7
125,5,19
125,187,8
125,64,8
125,188,10
126,90,13
126,124,18
126,7,10
126,132,18
126,125,9
126,182,15
126,133,6
126,38,6
126,158,5
126,143,9
127,57,12
127,21,17
127,88,14
127,60,6
127,73,6
127,166,19
128,59,13
128,56,18
128,197,18
128,85,8
128,138,11
128,113,19
129,49,7
129,84,13
129,178,12
129,1,6
129,196,7
129,143,8
129,89,13
130,149,14
130,79,14
130,113,16
130,133,14
130,164,12
130,115,18
131,165,16
132,186,16
132,134,17
132,198,15
132,177,11
132,54,14
132,164,9
133,104,20
133,136,12
133,95,9
133,119,18
133,43,9
133,161,15
133,113,8
133,47,14
133,12,7
134,47,17
134,147,7
134,200,10
134,191,11
134,167,20
134,185,15
134,120,15
134,165,14
134,138,9
134,2,19
135,64,7
135,128,12
135,45,18
135,197,5
136,199,15
136,113,11
136,156,6
136,165,13
136,137,12
136,59,8
136,138,20
137,197,17
138,54,20
138,31,13
138,109,16
138,16,14
138,131,12
138,100,5
138,11,9
139,161,10
139,179,18
139,153,10
139,33,7
139,18,10
139,127,18
139,1,20
139,76,15
139,15,8
140,153,16
140,182,9
140,127,11
140,125,20
140,122,6
140,28,9
141,69,11
141,99,9
141,115,16
141,137,17
141,100,8
142,170,17
142,28,16
142,20,11
142,148,10
142,97,12
142,40,18
142,144,7
142,185,10
142,75,15
143,113,7
143,53,7
143,67,15
143,104,9
144,52,11
144,197,10
144,98,17
144,108,17
144,146,14
144,120,16
144,49,15
144,145,10
144,156,14
144,32,15
145,182,10
145,114,16
145,40,14
145,139,17
145,56,15
145,5,10
146,21,11
146,128,8
146,45,17
146,92,14
146,9,13
146,57,6
146,200,19
147,159,16
147,35,10
147,131,7
147,82,12
147,162,17
147,152,8
148,127,14
148,18,5
148,21,18
148,185,8
148,103,9
148,107,12
149,14,20
149,93,18
149,132,13
149,98,15
149,41,9
149,38,5
149,1,11
149,89,13
150,49,9
150,89,14
150,180,13
150,153,7
150,74,9
150,46,13
150,200,9
150,22,18
150,161,8
150,62,15
151,130,15
151,194,13
151,112,9
151,152,19
151,151,17
151,59,20
151,150,14
151,1,19
152,167,11
152,133,20
152,31,11
152,72,12
153,183,9
153,82,15
153,55,17
153,24,17
153,103,18
154,20,6
154,36,7
154,124,12
154,197,6
154,45,9
154,171,7
154,193,15
154,46,11
154,152,10
154,183,18
155,15,20
156,112,6
156,100,15
156,2,14
157,39,20
157,103,6
157,77,5
157,58,12
157,29,9
157,86,20
157,62,8
157,2,11
157,167,14
158,121,16
159,97,9
159,161,12
159,140,18
159,52,19
159,13,17
159,42,11
159,132,7
159,49,16
159,70,18
160,5,7
160,182,5
160,171,5
160,114,12
160,53,18
160,34,9
160,168,18
160,122,6
160,148,8
161,118,7
161,198,19
161,196,17
162,59,14
162,163,20
163,59,11
163,90,6
163,104,11
163,43,5
163,51,16
163,4,17
163,197,11
164,34,16
165,96,12
165,188,9
165,163,18
165,30,15
166,158,17
166,96,18
166,144,6
166,134,11
166,38,17
166,178,14
167,171,19
167,8,13
167,105,17
167,115,20
167,192,20
167,29,15
167,58,11
167,93,10
168,196,16
168,106,15
168,61,8
168,198,16
168,187,12
168,48,9
168,115,16
168,103,14
169,58,5
170,137,11
170,133,14
171,40,7
171,148,5
171,22,20
171,9,20
171,142,11
172,41,17
172,187,18
173,119,8
173,132,13
173,63,11
174,46,18
174,168,18
174,24,11
174,85,7
174,42,14
174,178,12
174,196,11
174,159,15
175,43,14
175,109,11
175,174,15
175,190,7
175,50,15
175,62,14
175,178,10
176,162,11
176,136,18
176,160,8
176,158,16
176,165,16
176,91,5
176,95,18
176,179,19
176,50,9
176,161,15
177,192,9
177,99,11
177,117,19
177,128,6
177,149,16
177,154,15
177,70,8
177,91,9
178,145,8
178,167,16
178,144,20
178,29,5
178,22,12
178,119,7
179,191,13
179,186,11
179,71,19
179,147,18
179,67,18
179,50,12
179,174,6
179,21,18
179,181,17
179,187,9
180,78,6
180,126,13
180,148,8
180,183,7
180,80,15
181,97,10
181,14,15
181,194,8
181,50,19
181,107,5
182,34,18
182,22,5
182,58,19
182,41,17
182,15,12
182,184,14
183,95,7
183,55,10
183,190,20
183,189,15
183,63,13
183,57,14
183,28,6
184,67,19
184,87,14
184,139,8
185,200,5
185,22,9
185,120,9
185,127,19
185,88,6
185,150,13
185,115,6
185,100,16
186,1,12
186,133,7
186,126,13
186,155,15
186,94,19
186,63,6
186,91,19
186,102,11
186,57,16
186,47,12
187,143,20
187,98,18
187,52,14
187,126,15
188,76,7
189,176,9
189,68,12
189,115,11
190,22,12
191,141,14
191,114,12
191,140,15
191,156,17
191,55,7
191,10,9
191,171,5
192,111,12
192,199,10
192,49,10
192,81,7
193,62,18
193,152,18
193,185,5
193,55,10
193,129,20
193,96,17
193,176,16
193,75,18
193,167,5
193,126,18
194,20,19
195,49,18
195,32,5
195,181,6
195,2,13
195,112,12
195,13,7
196,108,9
196,178,5
196,152,15
196,53,9
196,8,16
196,196,7
197,88,10
197,28,11
198,130,13
198,38,20
198,189,10
199,176,5
199,147,17
199,141,18
199,97,11
199,46,14
199,169,8
199,180,6
199,64,18
199,192,19
200,161,10
200,189,6
201,102,6
201,74,12
201,15,11
202,188,9
202,131,9
202,26,12
203,5,19
203,195,7
203,113,9
203,19,13
203,27,9
203,102,8
203,188,8
203,180,10
203,36,7
204,13,16
204,103,6
204,35,15
204,48,17
204,15,19
205,10,16
205,157,14
205,23,18
205,188,14
205,149,15
205,64,15
205,45,15
205,66,13
205,129,5
205,60,15
206,17,17
206,49,7
206,186,7
207,110,16
207,11,19
207,50,9
207,69,17
207,16,20
207,104,15
207,73,8
207,33,20
207,152,20
208,113,19
208,14,10
208,65,19
208,134,18
208,104,5
209,66,15
209,69,16
209,115,17
210,162,13
210,63,8
210,60,11
210,198,13
210,46,19
210,153,9
210,105,18
210,38,9
210,195,18
211,158,20
211,27,12
211,145,10
212,41,18
212,17,7
212,93,19
213,123,11
213,199,11
213,112,6
213,85,5
213,192,6
213,1,11
214,57,7
214,19,20
214,183,12
214,64,9
214,117,11
214,59,5
214,108,16
214,132,13
214,77,12
214,147,7
215,13,9
215,58,19
215,116,13
215,1,14
215,74,16
216,160,12
216,148,7
216,138,19
216,196,11
216,5,7
216,51,10
217,20,5
217,84,14
217,196,14
217,54,19
218,174,12
218,150,5
218,138,17
218,161,20
218,15,16
218,187,17
218,20,12
218,129,13
219,99,9
219,156,13
220,120,18
220,72,20
220,65,7
220,101,20
220,108,5
220,188,5
220,197,15
220,119,16
221,110,7
221,53,5
222,139,15
222,17,11
222,42,17
223,112,8
224,29,19
224,133,20
224,14,19
224,65,20
224,74,14
224,158,13
224,18,8
224,182,18
225,39,6
225,182,5
225,11,11
225,84,6
225,186,18
225,2,10
226,75,17
227,158,14
227,3,16
227,4,7
227,179,9
227,150,18
227,144,11
227,125,11
227,151,12
228,33,11
228,83,10
229,3,20
229,112,10
229,68,7
229,100,15
229,93,15
229,115,13
229,25,13
229,67,12
229,69,15
229,152,9
230,194,13
230,123,15
230,114,9
230,46,7
230,149,19
230,90,12
230,92,5
230,62,5
230,195,7
230,52,6
231,77,5
231,187,5
231,38,15
231,110,9
232,179,9
232,134,13
232,156,8
232,62,15
232,58,10
232,72,16
232,140,8
232,64,20
233,10,16
233,190,12
233,62,11
233,42,17
233,14,15
233,187,14
233,161,14
233,122,14
234,184,20
234,151,20
234,82,14
234,14,7
234,71,7
234,135,17
234,189,5
234,64,19
234,5,9
235,45,20
235,113,19
236,28,19
237,115,18
237,125,20
238,168,18
238,142,12
238,85,13
238,126,12
238,118,6
238,171,16
238,144,18
238,143,7
238,54,17
238,96,17
239,45,14
239,149,5
239,115,11
239,177,15
239,24,15
240,122,11
240,141,8
241,92,14
241,197,11
241,198,17
241,104,18
241,33,6
241,24,20
241,115,11
241,98,19
241,96,10
241,182,18
242,17,7
242,95,6
242,38,8
242,181,15
242,53,9
242,31,12
242,99,11
243,46,8
243,95,18
243,8,18
243,105,13
243,48,6
243,97,15
243,49,14
243,182,16
244,76,18
244,25,18
244,1,7
244,94,14
244,70,10
245,164,15
245,180,18
245,168,9
245,169,18
245,124,7
246,80,8
246,118,13
246,48,6
246,168,18
246,123,9
246,146,13
246,108,13
247,131,15
247,51,19
248,61,20
248,60,8
248,100,13
249,2,14
249,137,16
249,47,13
249,66,15
249,68,16
249,103,18
249,148,13
249,136,7
249,160,15
250,67,6
250,176,5
250,38,7
250,51,17
250,30,20
250,15,13
250,48,18
250,56,19
251,103,5
251,129,11
251,139,12
251,180,18
252,176,13
252,127,19
252,162,6
252,166,8
252,192,12
252,112,12
252,180,7
252,20,14
253,133,18
253,170,10
253,115,10
254,180,15
254,184,6
254,46,11
254,196,16
255,172,17
255,3,6
255,142,7
255,57,19
256,109,13
256,66,6
256,18,19
257,114,11
257,131,5
258,126,18
258,42,6
258,30,18
258,103,10
258,195,5
258,117,8
258,43,20
258,109,9
258,99,20
258,61,12
259,111,15
259,174,12
259,4,10
259,108,7
259,180,18
259,87,14
259,15,19
260,99,18
260,48,9
261,175,19
261,189,15
261,134,14
262,57,9
262,120,7
263,110,13
263,39,5
264,40,6
264,119,17
264,158,13
264,36,18
265,163,6
265,115,18
265,151,16
265,53,20
266,54,6
266,2,11
266,199,17
266,167,5
266,3,11
266,30,17
266,150,14
267,57,11
267,31,14
268,4,8
268,87,11
268,182,18
268,173,16
268,13,13
268,153,6
269,147,8
269,118,18
269,77,9
269,5,6
269,135,10
269,145,16
269,95,7
269,20,15
269,134,14
269,129,7
270,35,10
270,107,11
271,30,6
271,74,18
272,131,13
272,195,6
272,48,19
273,145,16
273,124,17
273,27,19
273,174,14
273,166,12
274,58,20
274,172,7
274,108,18
274,160,16
274,122,9
274,191,8
274,9,10
274,125,7
274,167,5
275,21,14
275,140,15
275,5,17
275,146,17
276,57,12
276,184,14
276,133,19
276,143,16
276,9,13
276,13,19
276,34,18
276,69,10
276,22,9
277,30,11
277,108,5
277,157,14
277,142,19
277,52,14
277,121,12
277,107,18
277,93,19
277,189,14
277,163,5
278,137,16
278,37,10
278,145,12
279,141,12
280,73,19
280,180,19
280,18,19
280,19,7
280,175,10
280,111,12
280,95,19
281,68,11
281,176,17
281,100,12
281,115,7
281,46,20
281,18,5
282,193,6
283,58,12
283,21,15
283,23,7
283,125,19
283,139,19
283,13,8
283,136,6
284,12,11
285,10,10
285,8,13
285,139,6
286,143,13
286,57,17
286,61,10
286,107,16
286,133,8
286,105,5
286,29,15
287,187,12
287,72,13
288,92,11
288,108,6
288,169,10
288,31,8
288,34,6
289,70,20
290,178,14
290,64,11
290,23,15
290,94,11
290,28,17
290,56,13
290,67,7
290,72,9
290,85,17
290,100,6
291,113,18
291,100,12
291,169,8
291,193,6
291,74,16
291,198,16
291,90,12
291,65,19
291,53,5
292,186,19
293,43,13
293,170,19
293,124,18
293,90,10
293,27,6
294,18,16
294,129,5
294,73,20
294,175,11
295,158,5
296,100,15
297,124,10
298,46,8
298,81,11
298,123,8
299,174,10
299,97,12
299,103,19
300,193,10
300,110,15
300,7,16
300,16,15
300,27,18
300,37,18
300,159,5
300,122,20
300,171,11
300,65,15
301,163,13
301,16,16
301,31,18
301,194,14
301,117,9
301,26,6
301,77,9
301,136,14
302,23,13
302,95,7
302,122,20
302,67,9
303,111,11
304,168,11
304,34,6
304,136,6
304,76,7
304,152,5
304,104,10
304,129,17
304,91,12
304,41,15
304,118,16
305,68,10
305,99,5
305,21,10
305,49,19
305,167,11
305,10,14
305,73,15
305,144,11
306,26,5
306,12,15
306,41,12
306,33,12
306,174,9
307,100,9
307,89,13
307,59,20
307,72,9
307,39,7
308,84,11
309,108,17
309,71,19
309,163,16
310,194,16
310,13,11
310,39,10
310,160,15
310,130,20
310,34,17
311,58,19
311,105,15
311,184,9
311,178,8
311,36,9
312,36,11
312,140,14
312,102,11
312,57,10
312,52,17
313,3,10
313,64,14
313,80,19
314,113,12
314,183,16
314,186,13
314,26,15
314,103,11
314,85,18
314,35,19
315,149,6
315,36,6
316,155,6
316,104,5
316,48,16
316,13,10
316,108,13
316,133,19
316,113,6
316,183,7
316,150,12
317,141,14
317,10,19
317,91,16
317,154,9
317,129,8
317,113,6
317,117,14
317,142,20
317,161,14
317,123,20
318,184,8
318,141,9
318,22,15
318,14,8
318,55,14
319,149,13
319,186,18
319,63,8
319,128,13
319,151,16
319,122,16
319,172,8
320,5,8
320,110,5
320,70,13
320,45,5
320,189,17
320,8,16
320,119,18
321,37,10
321,165,5
321,149,16
321,19,8
321,130,5
321,70,6
322,49,14
322,122,20
322,150,7
322,137,5
322,25,13
322,187,13
322,5,19
322,43,18
323,116,5
323,93,5
323,111,15
323,194,10
323,147,17
324,1,19
325,162,11
325,17,8
325,73,14
325,127,20
325,79,13
326,111,19
326,114,13
326,117,9
326,115,10
326,38,19
327,80,5
327,67,15
327,22,17
327,87,20
327,128,10
327,97,14
328,131,17
328,114,5
328,25,16
328,69,7
328,97,6
328,152,15
329,129,6
329,161,18
330,4,10
330,119,12
330,112,18
330,155,19
330,82,18
331,87,11
331,139,13
331,9,15
331,48,14
331,194,20
331,101,9
331,20,11
332,70,15
332,96,8
332,102,20
332,119,12
332,58,19
332,78,12
332,170,16
332,134,16
332,131,19
332,6,14
333,183,11
333,167,9
333,101,7
333,148,7
334,68,10
334,157,20
334,44,7
334,52,19
335,139,14
336,138,17
336,192,10
336,108,15
336,177,19
336,158,11
336,54,20
336,61,8
336,180,14
337,1,8
338,42,12
338,152,11
338,160,9
338,96,18
338,118,11
339,60,13
339,3,13
339,16,13
339,178,19
339,50,5
340,150,20
340,19,11
340,14,8
340,82,14
340,138,7
340,90,12
340,191,14
340,98,17
340,52,7
341,82,8
341,11,14
341,77,13
341,51,12
341,20,6
341,99,19
341,112,15
342,113,10
342,178,16
342,185,6
342,80,14
342,106,20
342,168,9
342,144,10
343,15,19
343,19,8
343,35,7
343,128,6
343,42,5
343,166,9
343,199,18
344,69,20
344,195,13
344,98,8
344,34,14
344,39,5
345,15,15
345,127,17
345,149,19
345,140,15
346,70,17
346,99,7
346,102,14
346,23,11
347,170,19
347,36,11
347,132,5
347,4,13
347,29,11
347,97,6
348,34,9
348,186,7
348,133,19
348,55,19
348,8,13
348,197,6
348,31,10
348,182,7
349,92,12
349,153,6
350,122,16
350,32,9
350,27,6
350,163,19
350,71,7
350,2,12
350,188,14
350,180,19
350,120,12
350,199,8
351,8,5
351,98,10
351,52,9
351,93,5
351,119,14
351,9,6
351,102,9
351,149,18
352,145,12
352,191,17
352,161,11
352,68,20
352,107,10
352,82,11
353,131,8
353,69,14
353,11,19
353,77,20
353,145,7
353,89,10
354,42,18
354,72,18
355,72,10
355,190,12
355,42,18
355,98,16
355,60,16
355,15,19
356,177,15
356,191,15
356,35,18
356,25,14
356,1,12
356,71,19
356,63,19
356,44,18
356,38,17
357,164,6
357,69,8
357,58,14
357,26,15
357,145,20
358,169,14
358,86,10
358,170,5
358,173,9
358,144,17
358,116,16
358,8,6
358,72,17
358,21,12
358,135,10
359,198,13
359,63,8
359,9,20
359,11,16
359,84,10
359,66,15
360,78,15
360,152,10
361,52,18
361,136,10
361,83,19
361,85,6
361,84,12
362,70,19
363,32,14
363,38,8
363,27,6
363,151,16
363,72,7
364,51,9
364,66,15
364,33,9
364,19,12
364,75,7
364,181,15
364,129,6
364,180,18
364,16,11
364,178,20
365,93,11
365,91,20
365,78,10
365,51,9
366,102,18
366,118,18
366,115,9
366,40,16
366,49,11
366,47,11
367,199,13
367,78,8
367,112,7
367,94,9
367,67,6
367,111,7
367,60,5
367,83,19
368,153,7
368,194,20
368,17,12
368,43,11
368,199,14
368,62,6
368,10,7
368,136,6
368,64,20
369,145,5
369,113,20
369,63,8
369,107,11
369,140,9
369,10,15
369,176,10
369,88,16
369,160,10
370,140,17
370,56,12
370,45,9
370,136,17
370,72,18
370,10,14
370,144,17
371,160,18
371,161,18
371,30,17
371,139,12
371,194,6
371,151,9
371,87,6
371,90,17
371,134,7
371,193,15
372,27,14
372,57,8
372,133,19
372,25,14
372,23,20
372,3,10
372,73,8
372,121,16
372,30,13
373,106,11
373,149,12
373,69,10
373,62,9
373,145,8
373,199,13
373,47,9
373,92,14
373,67,12
374,52,7
374,90,16
374,159,17
374,165,8
375,154,5
375,189,16
375,54,17
375,94,5
375,114,5
375,166,13
375,176,5
375,104,10
375,98,8
376,39,10
376,48,15
376,31,9
376,95,15
376,32,16
376,10,7
376,15,20
376,115,9
376,36,14
377,6,14
377,144,7
377,15,18
377,66,5
377,46,12
377,153,16
377,1,20
377,159,9
378,17,17
378,76,12
378,46,14
378,85,18
378,67,18
378,27,9
378,198,13
378,11,7
378,87,8
378,179,9
379,188,8
379,192,13
380,57,13
380,39,5
380,190,19
380,122,7
380,198,12
380,106,6
380,175,19
380,107,6
381,116,11
381,186,10
381,74,19
381,24,16
381,4,18
381,37,6
381,54,10
382,110,19
382,119,9
382,69,8
383,27,16
383,41,20
383,114,9
384,140,8
384,143,15
384,96,11
384,68,12
384,165,7
385,179,20
385,11,10
385,137,7
385,162,13
385,115,8
385,37,7
385,197,20
385,138,15
385,61,9
385,30,11
386,154,20
386,45,6
386,117,19
386,198,19
386,176,6
386,111,16
387,55,18
387,88,18
387,184,13
388,200,16
388,150,9
388,44,19
388,138,9
388,101,15
388,124,17
389,46,5
389,55,9
389,100,15
389,94,15
389,175,8
389,45,15
389,186,20
389,166,7
389,86,10
390,164,18
391,107,14
391,30,8
392,170,16
392,167,10
392,197,19
392,71,8
392,179,20
392,7,12
392,190,19
392,196,16
392,69,10
392,55,17
393,120,12
393,106,17
393,161,17
393,129,7
393,83,20
394,64,17
394,145,12
394,199,7
394,38,5
394,175,20
394,180,17
395,78,7
395,27,14
395,160,10
395,123,5
395,50,12
395,187,20
395,40,15
396,128,8
396,173,17
396,165,6
396,67,10
396,148,7
396,161,12
396,12,7
397,4,13
397,116,9
398,48,17
398,58,12
398,137,5
398,136,20
399,5,7
400,73,16
400,74,6
400,96,6
400,177,8
400,157,17
400,178,12
400,41,8
400,109,7
400,70,12
400,198,20
401,29,12
401,192,20
401,157,13
402,82,13
402,168,15
402,57,18
402,144,17
403,107,5
403,77,7
403,111,14
403,75,15
403,198,16
404,158,12
404,114,14
404,184,14
404,91,13
405,31,15
405,92,19
405,143,19
405,165,14
406,52,13
406,63,16
406,70,18
406,156,7
406,34,14
407,51,16
407,111,5
407,82,14
407,171,13
407,124,19
407,37,5
407,75,14
407,55,11
407,10,9
407,130,12
408,115,12
409,116,9
409,155,16
409,17,13
410,39,11
410,144,7
410,23,19
411,11,6
412,176,8
412,156,11
412,42,17
412,189,9
412,181,8
412,112,16
412,130,19
412,162,16
412,197,18
412,164,17
413,78,14
413,133,8
413,120,17
413,80,12
413,17,16
413,35,13
414,121,6
414,190,19
414,189,9
414,185,5
415,76,18
415,185,10
415,170,11
415,122,18
416,36,14
417,141,14
417,82,11
417,65,20
418,67,14
418,89,10
418,130,11
418,96,15
418,193,19
418,90,11
418,107,15
418,15,17
418,114,5
418,83,8
419,77,14
419,71,16
419,72,16
419,195,6
419,13,5
419,108,18
420,178,14
420,84,9
420,4,10
420,174,5
420,187,15
420,28,5
420,83,20
421,49,19
421,96,5
421,111,15
422,166,18
422,144,14
422,67,16
422,58,7
423,96,9
423,161,14
423,61,13
424,189,6
425,24,16
425,56,8
425,18,11
425,111,10
425,26,7
425,101,18
426,33,15
427,171,17
427,97,9
427,145,14
427,20,10
427,77,18
427,122,9
427,199,15
428,34,10
428,119,16
428,112,6
429,113,18
429,200,15
429,85,16
429,104,6
429,3,13
429,41,5
429,51,16
429,20,9
429,89,19
429,36,10
430,85,19
430,166,17
430,147,14
430,30,12
430,62,6
430,61,14
431,148,7
431,121,14
431,14,19
431,139,14
431,125,8
431,194,14
431,31,8
431,5,15
431,93,9
432,184,8
432,94,11
432,167,17
433,81,7
433,60,19
433,118,12
433,194,10
434,148,20
434,120,13
434,17,14
434,163,17
434,89,8
434,79,18
435,62,8
436,128,11
437,159,20
437,56,11
437,167,6
438,79,16
438,144,16
438,25,20
438,50,17
438,173,20
438,183,15
438,27,19
438,55,20
439,182,10
439,107,19
439,156,13
439,77,5
439,166,14
439,129,19
439,49,13
439,47,17
439,189,6
439,66,6
440,183,13
440,160,13
440,42,5
440,131,16
440,44,14
440,136,5
441,63,15
441,80,5
442,109,10
442,69,19
442,150,14
442,13,9
442,180,15
442,175,18
442,155,16
442,194,18
443,159,19
443,72,19
443,169,8
443,20,18
443,162,17
444,24,7
444,160,11
444,89,18
445,107,10
446,192,17
446,28,13
446,101,11
447,141,5
447,45,18
447,19,9
447,72,8
447,13,9
447,33,16
447,17,7
447,35,17
448,158,6
448,34,19
448,95,17
448,82,7
448,154,11
448,111,5
448,128,5
448,175,17
448,157,10
448,104,15
449,187,11
449,116,19
449,13,20
449,123,6
449,139,18
449,18,20
449,68,12
449,97,15
449,197,5
450,80,7
450,42,20
450,95,8
450,28,5
451,164,15
451,167,13
451,67,18
451,102,13
451,120,14
451,124,10
451,94,16
452,165,13
452,150,7
452,188,18
452,81,11
452,4,9
452,59,9
452,106,5
452,158,8
452,46,6
453,132,5
453,121,10
453,113,6
453,95,14
453,43,9
453,172,18
453,13,9
453,53,12
453,194,18
454,89,14
454,79,16
454,102,12
455,162,16
455,35,19
455,24,18
455,32,11
455,59,5
455,38,8
455,31,9
456,53,18
456,126,20
457,162,17
457,133,14
457,160,19
457,97,10
457,33,10
458,133,14
458,158,8
458,18,15
459,109,5
459,114,14
459,190,6
459,16,15
459,88,6
459,46,6
459,118,20
460,176,20
460,19,14
460,119,10
460,144,11
460,101,12
460,100,10
461,151,14
461,6,9
461,61,12
461,137,15
461,15,15
461,103,19
461,148,11
461,191,7
461,67,7
461,135,14
462,146,12
462,14,10
462,29,12
462,84,13
462,172,7
462,47,17
462,114,6
462,123,12
463,151,13
463,3,19
463,35,6
464,81,15
464,86,12
464,115,7
464,199,18
464,131,6
464,42,8
464,113,14
465,2,13
465,13,11
465,34,8
465,58,20
465,95,12
465,92,5
465,183,19
465,8,5
465,186,14
466,45,14
466,163,13
466,16,17
466,162,13
466,39,20
466,110,13
466,20,9
466,43,17
466,145,17
467,12,8
468,1,14
468,138,19
468,185,13
468,107,16
468,166,6
468,193,19
469,159,12
469,45,10
469,86,16
469,63,20
469,116,5
469,137,6
469,117,11
469,6,12
470,176,11
470,76,6
470,11,6
470,197,12
470,164,10
470,143,11
470,104,13
470,100,11
470,45,6
471,187,18
471,122,15
471,7,11
471,182,18
471,43,13
471,99,14
471,198,10
472,4,17
472,146,15
472,91,15
473,132,6
473,34,16
473,75,5
473,161,8
473,60,10
473,193,13
473,88,10
473,200,7
473,21,20
474,82,17
474,89,14
474,198,9
474,146,16
474,72,20
474,114,7
474,197,16
474,20,18
474,42,7
474,105,6
475,88,18
475,189,11
475,155,12
476,133,9
476,99,13
477,65,16
477,111,18
477,189,20
477,13,10
477,44,17
477,61,12
478,165,5
478,177,17
478,119,16
478,156,17
478,132,19
478,84,9
478,16,17
478,118,13
479,124,5
479,167,11
479,196,5
479,172,9
479,6,20
479,110,8
479,161,20
479,175,17
480,139,14
480,130,13
480,11,13
480,128,8
480,121,18
480,117,7
480,46,11
480,44,20
481,56,20
481,136,8
481,169,17
482,175,7
482,183,10
482,166,12
483,175,16
483,121,16
484,32,17
484,134,9
484,96,7
484,121,19
484,62,6
484,130,6
484,39,7
485,52,20
485,70,8
485,123,18
486,116,16
486,98,20
486,92,5
486,60,15
486,100,10
487,87,14
487,193,17
487,44,16
487,199,17
487,15,6
487,26,19
488,66,7
488,171,17
488,19,11
488,91,10
489,164,18
489,163,7
489,112,14
490,104,17
490,94,9
490,103,15
491,157,8
491,141,17
491,73,18
491,200,14
491,83,11
491,76,11
491,152,10
491,74,12
491,191,7
492,197,20
492,171,20
492,81,12
492,104,9
492,162,18
492,128,15
492,31,13
492,151,12
493,71,9
493,142,12
493,121,12
493,95,16
493,7,14
493,27,20
493,22,18
493,23,12
493,92,7
493,161,9
494,180,10
494,67,7
494,20,19
494,73,19
494,95,8
494,79,12
494,168,14
494,21,8
495,62,15
495,199,11
496,23,19
496,22,15
496,100,11
496,131,14
496,125,17
496,166,6
496,53,18
496,52,16
497,1,13
497,61,16
498,200,9
498,79,8
498,86,10
498,46,19
498,153,14
498,43,7
498,96,20
498,184,6
498,37,18
498,12,7
499,147,19
499,7,17
499,100,15
499,173,11
499,59,19
499,189,8
500,76,16
500,34,12
501,104,19
501,133,17
501,22,17
501,152,14
501,42,12
501,147,14
501,58,11
501,61,20
502,186,12
502,158,8
502,27,16
503,124,12
503,58,19
503,84,19
503,68,15
503,158,11
503,82,17
503,17,10
503,10,17
504,59,15
504,179,18
504,115,16
505,179,7
505,103,11
506,109,11
506,91,20
506,72,11
506,196,16
506,11,7
506,56,6
507,86,7
507,29,9
507,69,20
507,176,7
507,122,20
508,183,11
508,22,7
508,32,10
508,35,13
508,103,10
509,37,7
509,177,13
509,44,13
509,110,10
509,180,20
509,144,16
509,89,9
509,132,13
509,99,6
509,125,11
510,151,8
510,100,9
510,77,6
510,9,6
510,138,7
511,142,6
511,88,13
511,139,9
511,43,5
512,69,6
512,81,11
512,190,6
512,76,7
512,59,9
512,36,7
513,114,20
513,138,8
513,16,5
513,127,20
513,68,17
513,99,13
514,12,9
514,151,15
514,67,6
514,173,11
514,36,11
514,187,20
514,24,13
514,69,8
514,87,11
515,136,14
515,66,16
515,170,17
515,142,6
515,156,9
515,193,11
515,91,11
515,67,18
515,49,14
516,132,13
516,43,16
516,129,11
516,121,7
516,154,9
516,117,16
516,193,13
517,64,16
517,84,19
517,63,7
517,103,16
518,11,15
518,175,19
518,170,14
518,17,13
518,4,10
519,72,14
519,102,14
519,126,20
520,49,7
520,184,17
520,129,7
520,37,9
521,183,7
521,171,8
521,122,18
521,140,15
522,93,15
522,77,16
522,173,7
522,162,7
522,134,7
522,35,8
522,124,13
522,187,13
523,76,11
523,56,13
523,125,8
523,155,18
523,45,6
523,68,9
524,31,16
525,13,12
525,4,16
525,116,9
525,199,7
525,50,5
525,129,17
525,85,16
526,194,17
526,77,9
526,112,14
526,76,5
526,126,7
526,29,16
526,38,9
527,109,15
527,35,14
527,102,16
528,125,5
528,174,16
528,78,20
528,131,20
528,135,10
528,132,20
528,19,16
528,108,10
528,170,11
529,158,7
529,127,6
529,70,5
529,148,16
529,14,12
529,30,11
530,38,18
530,83,9
530,43,5
530,20,6
531,170,13
531,12,6
531,123,13
532,124,12
532,7,18
532,161,17
532,88,17
532,80,18
532,167,17
533,46,6
533,3,10
533,179,10
533,26,7
533,200,19
533,30,5
534,12,20
534,150,8
535,152,7
536,65,12
537,191,16
537,13,18
538,21,13
539,129,17
539,3,10
539,32,10
540,72,7
540,101,14
540,35,12
540,45,6
541,112,9
541,83,11
541,20,18
541,156,7
541,78,8
541,170,19
542,136,7
542,105,16
542,179,5
542,95,19
542,94,15
542,87,12
542,190,20
542,118,20
543,107,16
543,23,15
543,108,15
543,71,10
544,65,7
544,156,12
544,168,16
544,141,15
544,109,8
544,171,19
544,54,18
544,101,13
545,137,18
545,135,11
545,143,14
545,156,17
545,113,6
546,106,18
546,70,17
546,72,16
546,71,14
546,65,5
547,145,15
547,34,17
547,15,17
548,172,15
548,156,11
548,144,6
548,64,8
548,70,8
549,197,15
549,146,18
550,61,5
550,12,7
550,16,5
551,140,19
552,121,6
552,184,7
552,143,13
552,109,10
552,100,9
552,101,7
552,31,18
553,173,5
553,10,13
553,71,8
553,193,9
553,125,10
553,144,5
553,148,5
553,25,10
553,12,13
554,129,17
554,91,7
554,109,13
554,76,18
554,48,11
555,101,11
555,173,11
555,122,17
555,85,10
555,55,14
555,124,14
555,2,7
555,167,15
555,127,11
556,26,6
556,65,10
556,45,7
556,171,15
557,32,19
557,23,10
557,56,8
557,69,12
557,196,9
557,160,5
557,148,15
558,118,10
558,175,11
558,191,19
558,156,7
558,46,9
558,56,8
558,21,15
558,92,16
558,192,19
558,93,18
559,119,13
559,73,19
559,126,14
560,133,20
560,13,18
560,79,8
560,94,18
561,119,16
561,132,12
561,95,5
561,114,11
561,157,14
562,97,13
562,143,20
562,134,20
562,45,9
562,17,6
562,87,9
562,47,20
562,187,12
563,181,5
563,171,15
564,109,18
564,46,20
564,162,7
564,200,11
564,155,17
564,159,6
565,96,15
565,123,20
565,105,6
566,189,13
566,138,12
566,115,19
566,94,10
566,126,15
567,164,5
567,98,14
568,134,10
568,65,7
568,109,5
568,200,13
569,57,16
569,81,18
569,133,17
569,40,18
569,95,20
569,17,10
569,31,8
570,143,15
570,102,5
570,89,18
570,175,12
570,74,18
570,183,16
570,163,10
571,20,6
572,163,5
572,191,11
572,51,15
572,77,18
572,5,7
572,141,19
572,94,11
573,75,9
573,163,10
573,45,14
574,176,17
574,11,17
574,108,6
574,45,17
574,167,15
575,193,15
575,34,6
576,70,16
576,195,13
576,163,14
576,103,18
576,199,13
576,51,14
576,167,13
576,154,17
577,62,13
577,18,18
578,163,18
578,26,14
578,96,11
578,58,6
579,37,12
579,1,6
579,165,8
579,127,19
579,194,5
579,139,20
579,111,20
580,125,18
580,164,16
581,5,5
581,11,19
581,30,7
581,103,8
581,69,15
581,165,17
582,61,8
582,185,10
582,177,17
582,111,15
582,82,16
582,1,6
583,198,12
583,86,10
583,45,5
583,63,5
583,101,10
583,127,5
583,167,6
584,44,20
584,124,19
584,99,13
584,189,7
584,84,5
584,176,15
584,191,10
584,13,11
585,30,15
585,92,13
585,5,14
585,167,17
585,96,11
585,190,7
586,132,20
586,196,6
586,80,19
586,121,11
586,65,7
587,148,5
587,13,20
587,72,6
587,97,20
587,155,17
587,174,11
587,99,19
587,4,8
587,61,16
588,106,9
588,70,10
588,9,10
588,146,10
588,68,19
588,47,16
588,77,20
588,126,9
589,160,19
589,71,18
589,39,19
589,85,17
589,145,6
589,6,6
589,95,6
590,63,9
590,102,8
591,85,17
591,129,18
591,80,5
591,82,16
592,56,15
592,23,10
592,106,17
593,100,17
593,173,10
593,35,18
593,138,11
593,37,13
593,167,10
593,54,11
594,55,14
595,140,12
595,72,6
595,13,18
596,10,19
596,114,17
596,157,12
596,179,18
596,151,19
596,101,18
596,144,18
597,14,14
598,195,17
598,149,12
599,145,19
599,76,11
599,73,20
599,144,18
599,28,15
599,57,20
599,29,15
599,188,9
599,176,20
600,22,19
600,45,10
601,178,7
601,47,11
601,73,17
601,12,17
601,192,13
601,69,12
601,158,12
602,192,19
602,100,11
602,46,12
602,127,9
602,101,5
602,121,6
603,120,11
603,90,8
603,162,15
604,98,20
604,172,16
604,77,14
604,75,5
604,67,18
604,3,11
604,169,18
604,100,15
604,112,8
605,20,11
605,198,13
605,154,6
605,121,19
605,168,20
605,14,13
605,196,13
605,158,10
606,35,19
607,147,6
607,146,16
607,5,20
607,140,7
608,144,10
609,151,11
610,9,15
610,167,20
610,69,20
610,53,11
611,169,6
611,48,7
611,185,12
611,161,6
611,40,13
611,152,20
611,126,7
611,144,13
611,186,12
611,27,13
612,69,15
612,31,19
612,73,13
612,142,12
612,127,20
612,199,10
612,28,7
613,79,12
613,93,8
613,104,15
614,95,16
614,84,17
614,13,9
615,16,11
615,60,13
615,20,10
615,113,12
615,116,17
615,5,13
615,30,10
615,78,13
615,155,15
616,46,18
616,74,9
616,199,20
616,124,15
616,147,10
617,31,19
617,64,5
617,86,5
617,8,8
617,56,6
617,104,10
617,149,8
617,45,6
617,174,6
618,183,7
618,191,20
618,112,8
618,28,15
618,15,6
618,29,6
618,22,18
618,25,8
618,134,12
619,138,20
619,91,14
619,194,15
619,11,15
619,53,17
619,55,8
619,32,14
620,20,7
620,164,11
621,189,12
621,168,10
621,2,19
621,123,12
621,92,5
621,193,15
621,31,15
621,70,12
621,58,17
621,15,16
622,96,16
622,60,19
623,94,5
623,69,14
623,52,8
623,145,18
623,181,13
623,64,14
623,76,12
624,123,17
625,28,16
625,148,15
625,21,11
625,102,11
625,159,9
625,96,6
625,123,5
626,75,9
626,148,9
626,200,5
626,93,17
626,73,18
626,56,17
627,150,9
627,165,6
627,87,9
628,72,18
628,49,8
628,140,13
628,145,15
628,152,5
628,57,8
628,92,5
628,121,7
628,112,20
628,31,15
629,5,11
629,56,15
630,189,12
630,123,13
630,131,8
631,110,7
631,36,9
631,126,17
632,90,9
633,90,17
633,10,13
633,16,7
633,59,5
633,123,16
634,85,10
634,113,9
634,167,14
634,109,17
634,59,8
634,70,10
634,175,5
634,30,20
634,126,17
634,67,13
635,20,12
635,91,18
635,141,13
635,163,19
635,169,18
635,76,10
635,15,14
635,133,12
635,38,5
635,39,9
636,184,7
636,152,16
636,34,16
636,65,14
636,117,8
637,175,17
637,157,11
638,5,19
638,48,16
638,52,14
638,101,9
638,10,18
638,200,15
638,14,8
638,57,8
638,130,15
638,168,16
639,160,17
639,19,8
639,154,17
640,139,20
640,164,12
640,100,18
640,106,12
640,86,8
641,108,18
642,195,18
643,60,20
643,83,19
643,90,17
643,130,7
644,68,20
644,18,16
644,29,18
644,139,8
644,163,14
644,113,19
644,81,20
645,11,18
645,16,15
645,15,14
646,148,8
646,197,7
646,17,14
646,76,16
646,142,19
646,135,16
646,108,11
646,103,8
646,118,6
646,157,12
647,132,12
648,4,17
648,106,19
648,32,10
648,109,6
648,53,6
648,9,12
648,62,9
648,38,9
648,170,19
649,108,18
649,49,16
649,133,9
649,166,17
650,182,19
651,174,18
651,21,8
651,62,8
651,15,17
651,58,13
652,55,19
652,73,9
652,47,19
652,63,11
652,115,19
652,86,18
652,175,20
652,193,6
653,131,10
654,38,20
654,195,13
654,10,14
654,57,13
654,96,6
654,85,15
654,116,18
654,29,16
655,123,12
656,144,12
656,85,8
656,160,6
656,7,13
656,170,11
656,158,5
656,129,10
656,121,15
656,86,20
656,169,6
657,119,11
657,174,16
657,155,13
657,43,14
658,190,19
659,126,15
659,178,7
659,161,10
659,44,15
659,29,18
659,58,10
659,128,10
659,101,17
659,153,20
660,59,13
660,140,20
660,121,9
660,1,19
661,90,5
661,28,5
661,77,17
661,65,12
661,46,14
661,68,12
661,94,13
661,165,12
661,66,17
661,171,5
662,146,20
662,166,18
662,7,12
662,86,15
662,68,9
662,116,16
662,46,19
662,93,11
662,162,14
663,14,10
664,104,7
664,11,7
664,168,9
664,189,16
664,127,11
664,28,20
665,104,19
665,179,13
665,162,14
666,68,5
666,46,16
666,78,16
666,5,11
666,168,9
666,171,20
666,20,16
666,108,19
667,186,8
667,101,14
667,184,14
667,12,13
668,47,20
668,137,19
668,127,9
668,152,18
668,70,17
668,195,13
668,144,10
668,6,11
668,89,15
668,38,16
669,49,12
669,142,7
669,135,15
669,128,5
670,93,6
670,121,15
670,105,14
670,127,10
670,39,15
670,144,19
670,119,7
670,80,17
671,42,15
671,26,18
671,97,20
671,36,15
671,73,7
671,71,16
671,96,10
671,50,6
672,10,15
672,122,16
672,155,6
673,200,11
673,120,8
674,101,15
674,15,6
674,161,14
674,53,6
674,41,16
674,18,12
674,118,12
674,77,8
674,116,9
674,42,19
675,194,15
676,4,6
677,138,5
677,32,16
677,91,6
677,10,10
677,168,20
677,123,10
678,199,12
678,88,9
678,61,15
678,103,10
679,90,18
679,158,19
679,30,16
679,115,9
679,42,6
679,67,19
679,6,18
680,111,13
680,197,7
680,141,8
680,20,7
680,90,5
681,99,12
681,178,15
681,136,14
681,182,20
682,107,6
682,6,5
682,97,11
682,146,15
682,110,8
682,57,17
682,32,9
682,39,18
683,143,10
683,186,8
683,161,18
683,34,8
683,90,8
683,33,13
683,181,11
684,2,18
684,112,17
684,126,15
684,6,17
684,36,19
684,34,8
684,170,9
684,142,5
684,111,6
684,57,19
685,127,20
685,164,7
685,112,20
685,78,12
685,100,15
686,89,20
686,83,12
686,64,6
686,189,20
686,51,20
687,142,5
687,37,17
687,175,10
687,105,19
687,111,8
687,86,13
687,108,12
687,3,11
688,66,10
688,91,7
688,22,19
688,58,8
688,35,16
688,192,10
688,154,8
688,187,16
689,143,11
690,177,12
691,44,16
691,114,19
691,145,9
691,32,12
692,88,5
692,121,7
692,76,5
692,65,17
692,118,5
692,51,12
692,187,8
693,28,6
693,43,14
693,98,10
693,169,13
694,30,8
694,118,17
694,129,18
694,111,15
694,181,13
694,192,9
695,152,9
695,103,6
695,108,14
695,160,19
695,111,12
695,35,9
695,9,19
696,62,20
696,42,15
696,63,9
696,167,11
696,53,12
696,183,13
696,78,11
696,90,9
696,115,20
697,8,7
697,147,20
697,187,7
697,1,18
697,186,16
698,163,16
698,131,16
698,168,16
698,181,17
698,152,8
698,112,9
699,62,7
700,199,13
700,114,11
700,11,16
700,112,12
700,145,12
700,89,8
700,65,12
700,33,15
700,189,19
701,59,8
701,67,8
701,183,8
701,163,8
702,117,18
702,52,12
702,128,20
702,8,20
702,126,20
702,155,11
702,39,9
702,170,15
702,2,12
702,173,12
703,83,17
703,53,19
703,7,10
703,148,5
703,47,16
703,121,16
704,41,8
704,19,15
704,155,20
704,71,15
704,28,16
704,140,19
704,21,6
704,100,6
704,147,8
705,157,9
705,153,17
705,18,6
705,83,8
706,129,6
706,67,7
706,21,12
706,135,9
706,22,14
707,29,8
707,60,6
707,134,5
707,168,17
707,98,18
707,144,12
708,138,17
708,180,13
708,38,11
708,61,16
709,72,6
709,148,12
709,123,10
710,65,13
711,4,7
711,192,10
711,140,17
711,93,19
711,176,14
711,136,9
711,37,10
712,100,9
712,178,11
712,199,17
712,152,11
712,113,12
712,13,20
712,170,18
712,138,17
712,8,11
712,31,16
713,105,6
713,80,16
713,172,7
713,40,5
713,38,19
713,117,9
713,93,19
714,153,5
714,17,5
714,58,14
714,98,8
714,181,5
714,104,5
714,48,13
714,44,6
714,27,19
715,103,6
715,186,15
715,145,15
715,170,5
715,29,7
716,139,10
716,156,5
716,51,5
716,112,15
716,17,6
717,81,9
717,178,13
718,43,12
719,199,10
719,83,5
719,145,20
719,164,12
719,71,5
719,118,19
719,67,7
719,184,6
719,11,9
720,158,5
720,49,20
720,188,16
720,125,6
721,155,5
721,52,16
721,80,16
721,86,16
721,43,10
721,195,16
721,89,16
722,39,18
722,194,19
722,28,19
722,124,5
722,168,8
722,27,11
722,48,12
722,153,19
722,44,6
723,141,15
723,170,14
723,168,10
723,108,10
723,87,14
723,120,9
723,200,13
724,187,14
724,149,13
724,180,14
724,14,10
724,62,16
724,10,15
724,7,8
724,127,8
724,100,13
724,112,16
725,124,19
725,137,5
725,114,20
725,33,6
725,97,9
725,37,7
725,115,6
725,119,18
725,111,15
725,38,17
726,125,16
726,5,5
726,96,18
726,79,20
726,146,14
726,121,10
726,198,15
726,7,11
726,138,11
727,164,12
727,39,8
728,93,18
728,181,5
728,188,14
728,23,12
728,161,17
728,56,9
728,18,12
728,100,11
728,173,16
728,71,5
729,114,18
729,74,10
729,19,7
729,97,7
729,108,20
729,78,6
729,123,11
729,80,11
730,129,19
730,58,8
730,82,7
730,118,17
730,60,12
730,115,10
731,194,18
731,94,5
731,186,15
731,139,10
731,165,7
731,32,7
731,12,13
731,155,17
732,184,5
732,32,17
732,27,11
732,123,10
732,177,20
733,106,13
733,143,18
733,185,10
733,144,15
733,76,11
733,71,16
733,140,17
734,23,12
734,34,7
734,136,17
734,188,13
734,167,10
734,110,19
734,54,17
734,41,17
734,67,13
734,47,13
735,180,14
735,113,13
736,178,17
736,9,15
736,142,8
736,3,7
736,118,16
736,171,15
737,130,20
737,60,8
737,39,18
737,82,15
737,26,19
737,15,8
737,64,12
737,59,9
737,41,8
737,122,10
738,113,18
738,176,18
738,68,8
738,193,11
738,129,10
738,142,20
738,55,5
738,127,18
738,147,14
738,175,13
739,151,15
739,71,18
739,59,19
739,79,16
739,176,14
739,43,6
740,101,15
740,160,16
741,108,11
741,67,20
742,180,11
742,78,6
743,140,6
743,138,7
743,122,11
744,185,20
744,155,8
744,135,11
744,131,19
744,96,11
744,196,18
744,121,17
745,97,20
745,45,8
746,196,6
747,64,9
747,107,5
747,141,12
747,164,9
748,58,13
748,4,19
748,79,8
748,91,10
748,146,6
748,125,9
748,133,5
748,39,11
749,41,10
749,196,19
749,65,12
749,126,6
749,31,13
749,40,16
750,177,20
750,165,10
750,139,16
750,56,14
750,117,6
750,149,14
750,57,12
750,105,9
751,125,12
751,91,14
751,122,6
751,69,5
752,88,12
752,31,10
753,72,16
754,91,11
754,113,12
754,9,16
755,135,14
755,167,8
755,127,12
755,120,14
755,65,17
755,81,12
755,78,12
755,150,9
755,152,9
755,148,14
756,56,10
756,199,16
756,161,10
756,150,16
756,78,14
756,62,6
756,138,18
756,144,12
756,192,12
757,44,11
757,77,7
757,171,18
757,70,5
757,187,10
757,43,9
757,47,13
757,86,12
758,6,16
758,101,15
758,161,20
759,43,14
760,27,14
760,175,16
760,189,5
760,89,11
760,84,14
761,69,9
761,116,5
761,163,5
761,77,13
761,186,8
761,74,10
761,19,12
761,3,13
761,142,19
761,101,8
762,110,17
762,150,20
762,74,12
762,35,16
762,99,9
762,73,11
762,149,17
762,42,16
762,92,10
763,37,17
763,155,15
763,51,18
763,129,19
763,95,5
763,59,10
763,20,17
763,86,5
764,101,6
764,103,19
764,106,17
764,188,9
764,11,9
764,48,19
764,47,12
765,118,7
765,97,10
765,52,12
765,171,7
765,120,18
766,169,18
766,106,11
766,22,13
766,93,7
766,161,7
766,188,12
766,100,7
766,160,16
766,32,15
766,23,10
767,113,11
767,89,15
767,193,14
767,94,8
767,174,20
767,79,8
767,24,7
767,97,7
768,111,18
768,78,10
768,29,7
768,188,12
768,63,7
768,37,15
768,159,6
769,35,18
769,58,9
769,198,13
769,1,15
769,191,16
769,42,7
769,78,17
770,152,19
770,31,15
771,111,10
771,142,20
772,97,18
772,19,14
773,39,18
773,158,12
773,51,7
773,100,16
773,131,20
773,69,14
774,37,11
774,167,6
774,11,7
774,140,10
774,12,11
775,60,10
775,150,11
775,132,8
775,67,15
775,44,10
775,80,9
775,200,18
776,12,20
776,162,18
776,46,14
776,25,6
776,55,18
776,98,14
776,174,14
776,143,15
776,122,14
776,63,6
777,73,16
777,44,12
777,57,11
777,47,5
777,13,5
777,38,16
777,185,9
777,84,18
777,188,12
777,153,20
778,174,10
778,31,8
778,55,14
778,126,9
778,42,13
778,27,15
779,25,16
779,62,5
779,185,5
779,159,12
779,100,15
779,13,7
779,194,9
779,109,17
779,175,11
779,174,7
780,193,7
781,73,7
782,187,13
782,1,5
782,144,15
782,21,14
782,115,18
783,7,9
783,28,20
783,82,18
783,87,19
783,6,17
784,176,20
784,159,9
784,45,17
785,82,15
785,153,9
785,188,11
785,130,12
786,154,17
786,150,13
786,172,10
786,71,7
787,50,13
787,76,15
788,37,10
788,192,17
788,28,14
788,17,5
788,4,8
788,41,19
788,67,15
788,27,8
788,36,7
789,28,13
789,2,9
789,129,14
789,118,18
789,178,12
789,24,9
789,122,9
789,9,14
790,2,5
790,110,11
790,159,14
790,7,14
790,179,7
790,178,8
791,160,12
791,86,10
792,62,13
792,64,10
792,18,7
792,6,14
793,139,17
793,17,8
794,48,6
794,82,17
794,7,15
794,78,7
794,151,7
794,165,11
794,176,5
794,3,11
795,103,9
795,18,20
795,111,16
795,51,8
795,21,9
795,95,20
795,109,20
795,198,10
796,136,10
796,124,14
796,6,8
796,33,12
796,87,11
796,185,8
797,62,18
797,24,11
797,53,13
797,125,18
797,168,6
798,139,18
798,66,14
798,24,6
798,136,14
798,117,17
799,49,16
799,101,10
799,94,7
799,29,15
800,112,7
800,144,12
801,133,11
801,59,9
801,112,18
801,190,13
801,118,17
801,125,7
802,19,5
802,27,5
802,72,16
802,190,11
802,151,17
802,164,14
802,57,10
802,182,6
803,58,9
804,22,9
804,112,18
804,15,10
804,156,9
804,91,11
804,189,16
804,52,14
805,99,16
805,52,11
805,53,5
805,179,5
805,157,18
805,76,11
805,70,18
805,188,19
805,199,10
806,93,17
806,43,13
807,199,16
807,78,8
807,145,15
808,174,14
808,12,17
808,32,5
808,5,11
809,57,5
809,156,12
809,84,16
809,89,12
810,3,11
810,66,15
810,186,8
810,71,10
810,163,17
810,111,5
810,50,18
811,22,14
811,167,20
811,61,7
811,89,20
811,174,6
811,161,10
811,1,15
811,160,9
812,165,6
812,149,16
812,7,14
812,56,18
812,153,17
812,99,9
812,154,8
812,138,9
813,150,14
813,141,5
813,47,13
813,56,15
813,63,18
813,79,11
813,185,5
813,121,19
813,151,11
813,133,14
814,107,7
814,195,9
814,197,18
814,112,5
814,110,5
814,8,7
814,135,6
814,118,13
814,148,9
814,81,13
815,169,8
815,155,17
815,31,14
815,96,11
816,93,13
816,38,7
816,24,19
816,85,10
816,32,13
817,69,11
818,25,14
818,61,15
818,190,11
818,70,13
818,82,7
819,22,20
819,88,14
819,1,9
819,185,9
819,13,16
819,58,6
819,136,18
819,85,18
819,181,6
820,196,11
820,108,7
820,183,15
820,129,5
820,174,14
820,126,6
820,104,13
820,99,11
820,93,9
821,39,5
821,134,20
822,72,6
822,47,11
822,71,19
823,129,12
823,154,7
823,80,12
823,111,16
823,191,6
824,6,19
824,10,6
824,48,11
824,159,6
824,27,10
825,51,11
825,28,10
825,4,5
825,155,12
825,112,5
826,82,19
827,21,18
827,35,13
828,24,20
829,117,11
829,56,19
830,16,17
830,172,20
830,36,11
830,52,8
831,61,18
831,139,15
831,155,10
831,119,20
831,56,16
831,52,7
831,40,6
831,84,13
832,56,5
832,191,7
833,2,14
833,87,11
833,76,13
833,44,9
833,174,16
833,125,12
834,70,8
834,157,14
834,97,17
835,126,5
835,24,8
835,162,8
835,127,13
835,148,17
835,96,10
836,157,10
836,92,18
836,46,18
836,75,17
836,55,18
836,198,19
836,105,10
836,122,12
837,155,14
837,35,8
837,140,11
837,62,10
837,53,19
837,148,17
837,91,15
838,70,19
838,64,20
838,6,15
838,100,16
838,112,18
838,163,20
838,109,10
838,44,6
839,14,19
839,20,18
839,62,20
839,94,18
839,31,7
839,86,12
839,4,7
839,158,13
840,106,5
840,30,7
840,107,6
840,17,6
840,60,11
840,25,14
840,192,10
841,5,9
841,200,17
841,101,16
841,3,6
841,61,7
841,47,13
842,103,14
842,7,18
842,174,11
842,120,14
842,172,14
842,72,20
843,192,16
843,36,13
843,124,13
843,84,9
843,71,8
843,140,14
843,52,5
843,133,16
843,160,6
843,28,11
844,128,17
844,51,7
845,50,8
845,192,11
845,37,20
845,20,11
845,88,17
845,43,17
845,107,6
845,191,10
846,142,13
846,61,10
846,144,18
846,80,17
846,32,13
846,60,16
846,135,11
846,11,5
847,113,8
847,26,12
847,164,9
847,25,11
847,52,16
848,133,10
848,106,15
848,199,9
848,200,10
849,106,13
849,166,13
849,182,6
850,49,15
850,27,20
850,141,18
850,183,6
850,196,18
850,105,11
850,6,5
851,181,19
851,42,16
852,139,19
853,172,18
853,11,19
853,197,6
853,59,17
853,173,18
853,25,7
853,85,19
853,102,13
853,133,5
854,147,19
855,174,12
855,92,19
855,164,17
855,185,19
855,35,5
855,163,7
855,181,14
855,137,7
855,9,13
856,143,15
856,109,11
856,92,16
856,129,7
856,55,15
856,106,9
856,170,17
856,9,14
856,145,20
856,134,11
857,41,12
857,176,7
857,53,13
857,123,10
857,181,16
857,179,12
858,49,19
858,172,12
858,17,19
858,123,19
858,93,9
858,42,17
859,148,12
859,24,8
859,2,17
859,125,8
859,85,12
859,3,12
859,159,10
860,189,9
860,59,15
860,104,5
860,112,6
860,51,6
860,84,5
860,42,14
860,14,16
860,170,12
860,138,5
861,15,15
861,199,7
862,133,12
862,89,11
862,5,15
862,189,19
862,116,18
862,2,10
862,124,12
862,50,6
862,28,5
862,139,12
863,71,17
863,64,10
863,4,16
863,68,6
864,172,10
865,124,12
865,113,6
865,136,15
865,45,18
865,148,14
865,110,18
865,140,17
865,69,8
865,43,19
865,103,9
866,171,15
866,165,18
866,89,7
867,166,14
867,131,12
868,160,16
868,10,18
869,143,10
869,106,9
869,10,9
869,14,12
869,146,6
869,46,8
869,54,15
870,19,10
870,187,20
870,16,18
871,187,10
871,87,12
871,121,17
871,172,7
871,171,5
871,21,14
871,192,6
871,122,16
872,30,8
872,87,17
872,128,19
872,50,8
872,124,12
872,16,15
872,44,18
872,146,8
872,95,16
872,179,7
873,134,20
873,114,5
873,29,13
873,143,17
873,24,20
873,77,11
874,24,15
874,195,10
874,193,11
874,152,16
875,52,5
875,147,14
875,145,16
876,104,5
876,95,17
876,60,17
876,195,5
876,80,6
876,98,13
876,78,17
877,6,14
877,166,6
877,47,19
877,102,18
878,29,18
878,156,5
878,63,18
878,188,15
878,184,9
878,46,19
878,5,11
879,8,13
879,135,6
879,102,9
879,94,18
879,198,10
879,190,20
879,35,20
879,23,9
880,114,12
880,105,7
881,63,9
881,18,8
881,52,7
882,101,20
882,23,14
882,100,8
882,27,9
883,181,18
883,117,19
883,122,13
883,74,14
883,104,17
883,134,11
883,185,9
883,127,11
883,77,9
883,139,11
884,197,20
884,20,18
884,140,17
884,128,12
884,91,15
885,14,14
885,153,16
885,140,7
885,32,13
885,192,11
885,67,11
885,66,7
886,3,9
886,114,7
887,176,20
887,99,10
887,173,8
887,59,15
888,77,9
888,60,7
889,142,7
889,19,17
889,86,5
889,120,11
889,134,16
889,123,13
889,60,13
889,127,7
890,62,9
890,18,12
890,116,16
890,127,18
890,7,10
891,136,15
891,98,6
891,102,7
891,43,5
892,34,17
892,158,9
892,62,10
893,17,13
893,31,19
893,124,16
893,192,14
893,144,15
893,98,15
893,188,14
894,151,12
894,65,14
894,105,7
894,34,19
894,120,7
894,119,10
894,42,7
894,102,13
894,74,6
894,54,15
895,182,10
895,39,12
895,40,7
895,8,7
895,1,17
895,24,12
895,171,16
895,114,7
896,143,14
896,7,11
896,92,6
896,138,17
896,141,10
896,195,19
896,139,20
897,41,17
898,120,10
898,116,19
898,177,20
898,187,5
899,134,20
899,126,18
899,144,13
899,156,19
899,39,9
899,90,14
899,21,13
900,37,9
901,82,8
902,199,11
902,32,9
902,185,9
902,179,20
902,116,8
902,135,20
902,158,20
902,5,10
903,161,5
903,75,5
903,85,9
903,64,16
904,197,17
904,34,17
904,94,20
904,158,9
904,39,8
904,108,8
904,122,15
904,58,20
905,136,7
905,165,17
906,195,12
906,199,11
906,149,16
906,21,5
906,36,19
906,148,16
906,110,5
906,69,18
907,193,13
907,70,11
907,124,10
907,82,6
907,38,16
907,105,7
907,174,9
907,41,5
907,181,17
908,129,18
908,112,13
908,115,10
908,182,18
908,108,12
908,159,5
908,82,12
908,174,6
908,183,11
908,121,7
909,60,15
909,163,5
909,30,20
909,184,9
909,14,9
909,41,11
909,3,5
909,11,18
909,58,7
910,83,12
910,47,13
910,129,9
910,41,12
910,90,15
910,16,6
910,81,13
910,181,20
910,150,19
911,86,7
911,97,5
911,192,12
911,67,17
911,22,17
911,123,13
911,89,16
912,36,14
912,177,10
912,17,11
912,105,9
913,57,9
913,45,14
913,197,13
913,52,8
913,193,9
913,81,16
913,133,19
913,170,5
914,91,5
914,53,5
914,125,13
914,148,17
914,191,14
914,3,7
914,111,13
914,151,19
914,84,15
914,78,6
915,154,8
915,1,17
915,164,7
915,65,20
915,63,18
915,190,19
915,132,19
915,182,17
915,198,12
915,200,6
916,49,7
916,116,9
916,37,8
916,200,15
916,86,19
916,80,19
916,72,5
916,90,17
917,171,7
917,60,20
917,74,12
917,48,14
917,100,16
917,72,16
917,79,5
917,199,5
918,70,16
918,83,15
918,131,14
918,3,20
918,108,19
918,166,19
918,93,11
918,111,20
918,62,16
919,150,7
919,129,14
919,107,19
919,184,17
919,185,12
919,95,12
919,176,12
919,15,16
919,61,11
920,48,18
920,1,18
920,87,17
921,85,6
921,84,9
921,41,5
921,33,14
921,109,14
921,116,13
922,61,13
922,54,18
922,52,18
922,160,16
922,37,10
922,101,14
922,30,12
922,44,16
923,122,8
923,30,19
923,89,20
923,166,8
923,18,14
924,183,13
924,104,20
924,173,16
924,133,19
924,37,14
924,170,8
925,38,7
925,77,17
925,155,17
925,127,15
925,149,7
925,119,11
925,162,9
925,194,6
925,105,20
925,95,18
926,44,14
926,87,17
926,140,9
926,35,17
926,183,7
926,103,17
926,18,12
927,146,14
927,200,5
927,195,20
927,2,11
927,15,12
927,19,19
927,75,6
927,126,7
927,97,7
928,22,18
928,77,9
928,175,9
928,130,7
928,119,5
929,45,14
929,92,10
929,200,19
929,159,16
929,14,10
929,48,8
929,6,8
929,130,13
929,33,12
929,157,6
930,65,17
930,8,9
930,49,8
930,150,11
931,113,15
931,35,15
932,160,12
932,122,7
932,33,17
932,85,8
932,191,13
932,92,11
932,74,5
932,56,11
933,95,16
933,144,13
933,7,11
933,23,8
934,54,15
934,196,17
935,41,14
935,111,6
935,115,15
935,53,15
935,60,16
935,141,18
935,118,19
935,143,6
935,73,20
936,39,9
936,57,13
936,27,10
936,136,17
936,8,15
936,185,9
936,78,18
936,51,7
937,39,7
937,163,20
937,48,13
937,20,9
937,74,12
937,132,20
937,92,10
937,31,5
937,32,19
937,155,9
938,10,15
938,135,11
938,88,14
938,62,20
938,153,14
938,122,17
938,98,19
938,112,6
939,59,7
939,155,19
939,193,18
939,93,19
939,138,9
939,176,10
939,198,20
939,152,11
939,23,14
939,142,11
940,166,18
940,80,17
940,151,14
940,168,13
941,77,15
941,1,17
941,84,17
941,152,8
941,66,14
941,119,7
942,52,17
942,91,17
942,60,16
942,182,19
942,1,16
942,24,18
943,97,12
944,106,20
944,32,6
944,85,9
944,177,19
944,20,9
945,69,13
945,145,6
945,14,7
945,25,20
945,109,13
945,195,12
945,159,19
946,175,8
946,49,9
946,92,20
947,108,8
947,7,6
947,117,6
947,29,7
947,182,10
947,28,12
947,1,14
947,87,8
947,65,14
948,12,18
948,35,10
949,30,18
949,9,7
949,39,10
949,14,18
949,116,6
949,124,5
949,114,16
949,135,10
949,6,12
950,138,7
951,20,20
951,43,18
951,14,10
951,4,10
951,159,5
951,45,11
951,172,5
951,158,7
951,154,12
951,55,18
952,157,6
952,124,6
952,116,5
952,180,18
952,61,10
952,189,17
952,83,16
953,175,14
953,163,14
953,166,10
953,28,7
953,66,5
953,99,8
953,192,11
953,40,7
953,21,10
954,94,5
954,91,5
954,20,11
954,180,13
954,54,19
955,86,14
955,5,13
955,169,20
955,158,20
955,107,19
955,125,10
955,194,16
955,43,13
955,195,6
956,53,11
956,41,18
956,9,17
956,135,8
956,90,7
957,142,14
957,21,6
957,37,14
957,40,15
957,127,13
957,130,20
958,118,17
958,169,20
958,76,10
958,192,11
958,135,20
959,95,18
959,19,13
959,98,17
959,73,20
959,53,11
959,92,15
960,175,14
960,133,20
960,95,18
960,89,10
960,118,5
960,96,16
960,82,18
960,150,20
961,170,19
962,38,20
962,45,17
962,4,18
963,145,12
963,25,20
963,71,12
964,112,8
965,65,20
965,32,9
965,161,19
965,116,5
965,157,9
966,36,12
966,25,6
966,122,15
966,191,19
967,30,17
967,162,19
968,149,11
968,26,17
968,94,14
968,123,7
968,39,15
968,177,18
969,24,5
969,30,8
969,87,10
969,76,9
970,96,14
970,97,7
970,45,11
971,176,6
971,71,13
971,75,19
971,193,8
971,149,18
972,113,7
972,172,14
972,106,15
972,84,8
973,111,5
973,104,9
974,84,13
974,33,15
975,164,20
975,57,17
975,146,17
975,48,20
975,117,20
975,107,20
975,150,17
975,39,13
975,149,15
976,194,8
976,27,7
976,170,19
976,139,9
977,40,6
977,102,8
977,89,17
977,39,15
977,84,10
977,35,17
977,88,5
978,64,18
978,191,14
978,126,20
978,138,7
979,22,18
979,131,11
979,185,6
979,33,20
979,61,19
979,198,10
979,93,8
980,136,18
980,166,6
981,7,11
981,54,20
981,162,7
982,11,17
982,161,15
982,65,19
982,43,18
983,28,7
983,81,10
983,156,14
983,191,9
983,12,5
983,113,16
983,43,5
984,146,16
984,25,9
984,88,18
985,135,7
985,27,11
985,196,12
985,98,17
985,189,5
985,36,7
985,146,10
985,31,16
986,58,10
986,114,14
986,156,20
986,45,6
986,108,11
986,56,14
986,148,13
986,184,9
986,183,5
987,80,18
987,91,9
987,131,6
987,65,16
987,51,12
987,88,6
987,128,9
987,171,11
987,32,19
988,113,13
988,37,5
988,56,15
988,70,12
989,58,6
989,54,13
989,116,18
989,105,12
989,137,11
989,33,5
989,132,12
989,182,17
989,198,20
989,174,8
990,134,15
990,166,6
990,110,18
991,16,11
991,155,15
991,72,7
991,65,14
991,62,7
991,116,12
992,156,19
992,86,5
992,176,13
992,110,8
992,22,11
992,103,14
992,84,5
993,41,7
994,134,20
994,93,8
994,27,17
994,32,8
994,139,14
995,116,16
995,157,19
995,178,12
995,159,18
995,79,10
995,119,15
995,25,20
995,160,19
995,175,14
996,130,15
996,103,16
996,172,8
996,33,7
996,106,6
996,81,5
996,101,19
996,179,16
996,51,9
996,56,20
997,188,20
997,44,18
997,109,7
997,113,11
998,174,9
998,149,12
998,116,7
998,192,10
998,130,7
999,194,14
999,196,20
999,80,10
1000,198,16
1000,44,6
1000,60,5
1000,20,12
1000,130,16
1000,138,10
1000,150,20
1000,104,17
